項次,商店全名,連絡電話,商店地址
1,東杰宏實業有限公司,04-26237698,436臺中市清水區五權東路160號1樓
2,棉花田大隆門市,02-27555268,407臺中市西屯區大隆路168號
3,台中超市有限公司,04-26912848,432臺中市大肚區遊園路2段23號
4,佳佳樂五金百貨,04-26997213,432臺中市大肚區育樂街31號
5,永昇電器行,04-26231676,436臺中市清水區新興路17號
6,金金電器行,04-24920443,412臺中市大里區成功二路95號
7,隆達廚具行,04-24920443,412臺中市大里區中興路一段232號
8,富盟企業社,04-22961969,406臺中市北屯區中清路2段506號
9,金銓電器行,04-22609096,402臺中市南區美村南路115號
10,超全電子音響專賣店,04-25222723,420臺中市豐原區中正路159號
11,東大數位生活館,04-24368177,406臺中市北屯區東山路1段250-1號
12,益詮有限公司,04-24830880,412臺中市大里區中新里德芳南路１６８號１樓
13,子曰書局,04-24854361,412臺中市大里區中興路二段386之7號
14,駿銓電腦有限公司,04-25154588#9,420臺中市豐原區三豐路2段23號
15,鑫鑫生鮮超市,04-26991156,432臺中市大肚區沙田路二段204號
16,全國電子股份有限公司台中市第一分公司,04-23591688#206,408臺中市南屯區三厝里黎明路二段462號
17,全國電子股份有限公司台中市第二分公司,04-23591688#206,408臺中市南屯區溝墘里文心路一段430、432號
18,全國電子股份有限公司台中縣第一分公司,04-23591688#206,420臺中市豐原區中山里中正路161號
19,全國電子股份有限公司台中縣第十四分公司,04-23591688#206,420臺中市豐原區北陽里圓環東路686、688、690號
20,全國電子股份有限公司台中市第五分公司,04-23591688#206,407臺中市西屯區何安里文心路三段70、72號
21,全國電子股份有限公司台中市第六分公司,04-23591688#206,402臺中市南區德義里國光路170號
22,全國電子股份有限公司台中縣第三分公司,04-23591688#206,437臺中市大甲區朝陽里文武路22號
23,全國電子股份有限公司台中市第八分公司,04-22353811,406臺中市北屯區三光里北屯路178-5、178-6號
24,全國電子股份有限公司台中市第九分公司,04-23591688#206,404臺中市北區光大里五權路267號及大雅路4、6號
25,全國電子股份有限公司台中縣第五分公司,04-23591688#206,423臺中市東勢區中寧里豐勢路492號
26,全國電子股份有限公司台中縣第六分公司,04-23591688#206,412臺中市大里區東興里國光路二段704、706號
27,全國電子股份有限公司台中市第十三分公司,04-23591688#206,406臺中市北屯區平德里崇德路二段101號
28,全國電子股份有限公司台中縣第七分公司,04-23591688#206,411臺中市太平區中興里中興路176號
29,全國電子股份有公司台中縣第九分公司,04-23591688#206,412臺中市大里區仁化里仁化路762號
30,全國電子股份有公司台中縣第十分公司,04-23591688#206,433臺中市沙鹿區美仁里中正街51號
31,全國電子股份有限公司台中縣第十一分公司,04-23591688#206,436臺中市清水區清水里中山路106號
32,全國電子股份有限公司台中縣第十二分公司,04-23591688#206,413臺中市霧峰區甲寅村中正路1193、1195號
33,全國電子股份有公司台中縣第十三分公司,04-23591688#206,421臺中市后里區甲后路262號
34,全國電子股份有限公司台中市第十六分公司,04-23591688#206,406臺中市北屯區大德里中清路72-8-8號
35,全國電子股份有限公司台中市第十七分公司,04-23591688#206,401臺中市東區十甲里精武東路210號
36,全國電子股份有限公司台中縣第十六分公司,04-23591688#206,427臺中市潭子區潭陽村圓通南路180號、中山路2段131、133號
37,全國電子股份有限公司台中縣第十七分公司,04-23591688#206,420臺中市豐原區豐西里中正路470號
38,全國電子股份有限公司台中市第十一分公司,04-23591688#206,401臺中市東區振興里建成路700號
39,全國電子股份有限公司台中縣第十八分公司,04-23591688#206,428臺中市大雅區文雅村中清南路253號
40,全國電子股份有限公司台中市第十分公司,04-23591688#206,402臺中市南區工學里復興路一段415-4號
41,全國電子股份有限公司台中市第二十分公司,04-23591688#206,407臺中市西屯區何福里西屯路二段16-2號
42,全國電子股份有限公司台中縣第十九分公司,04-23591688#206,411臺中市太平區新福里中山路四段163、165號
43,全國電子股份有限公司台中縣第二十分公司,04-23591688#206,414臺中市烏日區九德村中山路一段376、378號
44,全國電子股份有限公司台中市第二十一分公司,04-23591688#206,407臺中市西屯區逢甲里河南路二段317號
45,全國電子股份有限公司台中縣第二十一分公司,04-23591688#206,412臺中市大里區內新里中興路二段446之3號
46,全國電子股份有限公司台中市第二十二分公司,04-23591688#206,404臺中市北區賴厝里大雅路436號
47,全國電子股份有公司台中市第二十三分公司,04-23591688#206,407臺中市西屯區西屯路三段150-43號1樓
48,全國電子股份有限公司台中市第二十四分公司,04-23591688#206,406臺中市北屯區平和里文心路四段581號
49,全國電子股份有限公司台中市第二十五分公司,04-23591688#206,408臺中市南屯區惠中里大墩路486號
50,全國電子股份有限公司台中市第二十六分公司,04-23591688#206,408臺中市南屯區同心里南屯路二段328號
51,全國電子股份有限公司台中縣第二十二分公司,04-23591688#206,412臺中市大里區東湖里中興路一段267、269、271號
52,全國電子股份有限公司台中縣第二十三分公司,04-23591688#206,428臺中市大雅區上雅村雅環路二段46號
53,全國電子股份有限公司台中縣第二十四分公司,04-23591688#206,420臺中市豐原區豐榮里三民路192號
54,全國電子股份有公司台中市第二十七分公司,04-23591688#206,403臺中市西區向上路一段297號
55,全國電子股份有公司台中市第二十八分公司,04-23591688,407臺中市西屯區文心路3段286號
56,全國電子股份有公司台中市第二十九分公司,04-23591688,406臺中市北屯區東山路一段236-6號
57,高明車業有限公司,04-23029090,403臺中市西區中美街232號
58,佳欣商行,04-22798943,412臺中市大里區立仁里好來一街53號
59,五八一生活館靜宜分館,04-26330086,433臺中市沙鹿區台灣大道7段200號
60,遠百企業股份有限公司台中復興分公司,04-22658686,402臺中市南區復興路一段359號
61,遠百企業股份有限公司豐原分公司,04-37046999,420臺中市豐原區水源路420號
62,廣駿電器行,04-24925933,412臺中市大里區塗城路414號
63,7-11永進門市,02-27478711#3961,404台中市北區進化北路297號
64,7-11豐東門市,02-27478711#3961,420臺中市豐原區豐東路218號
65,家禾電器有限公司,04-22473532,406臺中市北屯區瀋陽路三段73號1樓
66,安美潔有限公司,04-23844595,408臺中市南屯區文昌街227巷62號1樓
67,7-11草湖門市,02-27478711#3961,412臺中市大里區中興路1段11之6號
68,合順機車行,04-26321056,434臺中市龍井區新興路４２號
69,7-11文心門市,02-27478711#3961,407台中市西屯區文心路3段76號
70,7-11豐正門市,02-27478711#3961,420臺中市豐原區中正路16.18號
71,7-11雙行門市,02-27478711#3961,404台中市北區雙十路二段47號
72,7-11新墩門市,02-27478711#3961,407台中市西屯區大墩路901號
73,7-11中農門市,02-27478711#3961,401台中市東區台中路269號
74,7-11華美門市,02-27478711#3961,407台中市西屯區太原路一段217號
75,7-11第一門市,02-27478711#3961,411臺中市太平區中山路四段112-2號
76,7-11倍沅門市,02-27478711#3961,429臺中市神岡區中山路517號
77,7-11遊園門市,02-27478711#3961,432臺中市大肚區遊園路二段267號
78,7-11中棲門市,02-27478711#3961,433臺中市沙鹿區中棲路173號
79,7-11靜宜門市,02-27478711#3961,433臺中市沙鹿區鎮南路二段293號
80,7-11文翰門市,02-27478711#3961,428臺中市大雅區學府路328號
81,7-11理想門市,02-27478711#3961,434臺中市龍井區國際街153號
82,7-11梧棲門市,02-27478711#3961,435臺中市梧棲區中棲路1段868號
83,7-11新平門市,02-27478711#3961,411臺中市太平區新平路一段221號
84,7-11新立德門市,02-27478711#3961,401台中市東區復興路4段4號台中路45號
85,7-11媽祖門市,02-27478711#3961,437臺中市大甲區光明路1號
86,7-11遠平門市,02-27478711#3961,406台中市北屯區北平路三段75-4.5號
87,7-11育仁門市,02-27478711#3961,404台中市北區進化路583號
88,7-11興學門市,02-27478711#3961,402台中市南區學府路64號
89,7-11豐光門市,02-27478711#3961,420臺中市豐原區中山路581.583號
90,7-11中清門市,02-27478711#3961,406台中市北屯區中清路66-1號
91,7-11向心門市,02-27478711#3961,408台中市南屯區大墩6街284號
92,7-11天星門市,02-27478711#3961,406台中市北屯區東山路2段78-1號
93,7-11大甲門市,02-27478711#3961,437臺中市大甲區順天路2號
94,7-11環雅門市,02-27478711#3961,428臺中市大雅區民生路一段237號
95,7-11順天門市,02-27478711#3961,437臺中市大甲區順天路154號
96,7-11順大門市,02-27478711#3961,437臺中市大甲區中山路一段1085號
97,7-11崇太門市,02-27478711#3961,404台中市北區崇德路一段517號
98,7-11昌大門市,02-27478711#3961,406台中市北屯區大連路二段283號
99,7-11向上門市,02-27478711#3961,408台中市南屯區黎明路二段193號
100,7-11興大門市,02-27478711#3961,402台中市南區國光路301號
101,7-11吉峰門市,02-27478711#3961,413臺中市霧峰區中正路1070號
102,7-11王田門市,02-27478711#3961,432臺中市大肚區沙田路一段386號
103,7-11大全門市,02-27478711#3961,403台中市西區公館路136.138號
104,7-11新仁門市,02-27478711#3961,434臺中市龍井區新興路49巷2號
105,7-11豐信門市,02-27478711#3961,420臺中市豐原區復興路75號信義街77號
106,7-11大進門市,02-27478711#3961,408台中市南屯區五權西路二段185號
107,7-11豐鑫門市,02-27478711#3961,420臺中市豐原區向陽路276號
108,7-11溪洲門市,02-27478711#3961,411臺中市太平區新平路二段164號
109,7-11豐采門市,02-27478711#3961,408台中市南屯區黎明路二段506.506-1號
110,7-11瑞興門市,02-27478711#3961,420臺中市豐原區中正路497號
111,7-11復慶門市,02-27478711#3961,402台中市南區樹義里大慶街二段5-2號
112,7-11日出門市,02-27478711#3961,437臺中市大甲區孟春里通天路168號
113,7-11坑口門市,02-27478711#3961,413臺中市霧峰區中正路563號
114,7-11社口門市,02-27478711#3961,429臺中市神岡區社口村8鄰中山路736號
115,7-11海強門市,02-27478711#3961,432臺中市大肚區山陽村10鄰沙田路3段882號
116,7-11一勝門市,02-27478711#3961,432臺中市大肚區沙田路一段426-7號
117,7-11巨龍門市,02-27478711#3961,434臺中市龍井區中央路3段51號
118,7-11鼎好門市,02-27478711#3961,414臺中市烏日區中山路2段289號
119,7-11昌盛門市,02-27478711#3961,406台中市北屯區昌平路2段45號之8.45號之9
120,7-11精美門市,02-27478711#3961,411臺中市太平區中平村精美路1號
121,7-11豐華門市,02-27478711#3961,404台中市北區進化北路148號
122,7-11龍井門市,02-27478711#3961,434臺中市龍井區遊園南路210號
123,7-11豐樂門市,02-27478711#3961,406台中市北屯區崇德路三段608號
124,7-11通豪門市,02-27478711#3961,404台中市北區漢口路三段172.174號
125,7-11新北平門市,02-27478711#3961,404台中市北區北平路二段96號
126,7-11青海門市,02-27478711#3961,407台中市西屯區青海路1段1號
127,7-11新五廊門市,02-27478711#3961,403台中市西區民生路155號一樓
128,7-11逢福門市,02-27478711#3961,407台中市西屯區黎明路三段348號
129,7-11熱陽門市,02-27478711#3961,406台中市北屯區熱河路二段183號
130,7-11俊國門市,02-27478711#3961,407台中市西屯區永福路42號
131,7-11后綜門市,02-27478711#3961,421臺中市后里區義里村31鄰甲后路313.315號1樓
132,7-11向勝門市,02-27478711#3961,403台中市西區東興路三段57號
133,7-11水景門市,02-27478711#3961,406台中市北屯區東山路1段212號
134,7-11松竹門市,02-27478711#3961,406台中市北屯區昌平路二段11-1號
135,7-11寶慶門市,02-27478711#3961,407台中市西屯區寶慶街50巷1.3.5號
136,7-11向陽門市,02-27478711#3961,420臺中市豐原區向陽路112號
137,7-11東關門市,02-27478711#3961,423臺中市東勢區東關路640之23號
138,7-11瑞聯門市,02-27478711#3961,407台中市西屯區福科路940.942號
139,7-11雅潭門市,02-27478711#3961,428臺中市大雅區學府路209號
140,7-11隆恩門市,02-27478711#3961,407台中市西屯區大隆路171號1樓
141,7-11權美門市,02-27478711#3961,403台中市西區美村路1段736號
142,7-11樂業門市,02-27478711#3961,401台中市東區樂業路259號.
143,7-11隆心門市,02-27478711#3961,407台中市西屯區文心路2段562號.
144,7-11益民門市,02-27478711#3961,412臺中市大里區東興里10鄰大明路238號
145,7-11東海門市,02-27478711#3961,434臺中市龍井區東園巷43號
146,7-11隆安門市,02-27478711#3961,407台中市西屯區大隆路56號
147,7-11峰資門市,02-27478711#3961,413臺中市霧峰區樹仁路26號
148,7-11合作門市,02-27478711#3961,404台中市北區自強一街1號
149,7-11月眉門市,02-27478711#3961,421臺中市后里區民生路226號
150,7-11益風門市,02-27478711#3961,403台中市西區公益路345之1.347之1號
151,7-11樂群門市,02-27478711#3961,403台中市西區林森路80號.樂群街81號
152,7-11新北屯門市,02-27478711#3961,406台中市北屯區太原路三段369.371.373號
153,7-11清中門市,02-27478711#3961,436臺中市清水區北寧里董公街56號.
154,7-11大峰門市,02-27478711#3961,412臺中市大里區大峰路167號.
155,7-11東寶門市,02-27478711#3961,427臺中市潭子區東寶村民族路一段42號.
156,7-11甜心門市,02-27478711#3961,420臺中市豐原區圓環東路168號.
157,7-11宜昌門市,02-27478711#3961,411臺中市太平區宜昌路400號.
158,7-11港區門市,02-27478711#3961,435臺中市梧棲區民生街61.63號.
159,7-11水豐門市,02-27478711#3961,420臺中市豐原區鐮村路462號.
160,7-11瑞登門市,02-27478711#3961,406台中市北屯區松安里松竹路193號.
161,7-11潭勝門市,02-27478711#3961,427臺中市潭子區勝利路131號.
162,7-11慶大門市,02-27478711#3961,402台中市南區建國北路一段110號.
163,7-11惠宇門市,02-27478711#3961,403台中市西區精誠路420.422號.
164,7-11新豐民門市,02-27478711#3961,420臺中市豐原區三民路93號1樓.
165,7-11樂東門市,02-27478711#3961,401台中市東區樂業路443號.
166,7-11港埠門市,02-27478711#3961,435臺中市梧棲區港埠路一段947號.
167,7-11豐洲門市,02-27478711#3961,429臺中市神岡區五權路63號.
168,7-11新豐田門市,02-27478711#3961,420臺中市豐原區豐南街145號.
169,7-11光輝門市,02-27478711#3961,402台中市南區美村路二段79.81號1F
170,7-11安龍門市,02-27478711#3961,403台中市西區五權路2-12.13號
171,7-11潭陽門市,02-27478711#3961,427臺中市潭子區福仁村新興路一段354號
172,7-11東里門市,02-27478711#3961,412臺中市大里區大里路295號
173,7-11大連門市,02-27478711#3961,406台中市北屯區大連路1段54-1.56號
174,7-11朝馬門市,02-27478711#3961,407台中市西屯區黎明路2段1010號
175,7-11學士門市,02-27478711#3961,404台中市北區學士路163.165號.
176,7-11海德堡門市,02-27478711#3961,408台中市南屯區向心南路928.930號.
177,7-11聯華門市,02-27478711#3961,400台中市中區重慶里公園路19--2號
178,7-11美心門市,02-27478711#3961,407台中市西屯區文心路三段560號
179,7-11豐后門市,02-27478711#3961,420臺中市豐原區三豐路690.692號
180,7-11熊貓門市,02-27478711#3961,408台中市南屯區向上南路1段325號1-2樓
181,7-11鹿鼎門市,02-27478711#3961,433臺中市沙鹿區中棲路288號1樓
182,7-11忠太門市,02-27478711#3961,404台中市北區忠明8街1號
183,7-11瑞彬門市,02-27478711#3961,420臺中市豐原區西安街68號.
184,7-11葫蘆墩門市,02-27478711#3961,420臺中市豐原區水源路127-1號.
185,7-11潭欣門市,02-27478711#3961,427臺中市潭子區光陽路142號.
186,7-11茂廣門市,02-27478711#3961,402台中市南區美村路2段182號.
187,7-11太隆門市,02-27478711#3961,411臺中市太平區德隆里工業路148.150號
188,7-11豐慶門市,02-27478711#3961,407台中市西屯區甘肅路一段186號
189,7-11新霧峰門市,02-27478711#3961,413臺中市霧峰區中正路916號.
190,7-11立新門市,02-27478711#3961,412臺中市大里區立仁路142號
191,7-11東義門市,02-27478711#3961,404台中市北區北平路2段161.163號
192,7-11速華門市,02-27478711#3961,423臺中市東勢區第一橫街153.155號
193,7-11清泉崗門市,02-27478711#3961,433臺中市沙鹿區公明里中清路13-50號
194,7-11丹聯門市,02-27478711#3961,433臺中市沙鹿區中山路田尾巷3.4.5.號
195,7-11雅昌門市,02-27478711#3961,404台中市北區大雅471號
196,7-11龍祥門市,02-27478711#3961,434臺中市龍井區沙田路4段636號
197,7-11櫻花門市,02-27478711#3961,407台中市西屯區櫻花路111號
198,7-11豐碩門市,02-27478711#3961,428臺中市大雅區中清路三段14.14之1號
199,7-11興城門市,02-27478711#3961,412臺中市大里區塗城路785號
200,7-11墩陽門市,02-27478711#3961,408台中市南屯區大墩10街254號之1樓
201,7-11茂陽門市,02-27478711#3961,420臺中市豐原區南陽路299之8.299之9號
202,7-11大運通門市,02-27478711#3961,427臺中市潭子區復興路一段16.18號
203,7-11福東門市,02-27478711#3961,406台中市北屯區東山路一段323號
204,7-11宜寧門市,02-27478711#3961,402台中市南區復興路一段497.499號
205,7-11后庄門市,02-27478711#3961,406台中市北屯區后庄里后庄路141號1樓
206,7-11中城門市,02-27478711#3961,412臺中市大里區中興路一段328號
207,7-11大甲站門市,02-27478711#3961,437臺中市大甲區中山路一段828號
208,7-11榮晉門市,02-27478711#3961,427臺中市潭子區頭張路二段2號
209,7-11新象門市,02-27478711#3961,406台中市北屯區中清路106-20號
210,7-11康泰門市,02-27478711#3961,420臺中市豐原區安康路73號之1樓
211,7-11寶利旺門市,02-27478711#3961,421臺中市后里區三豐路227-3號1F
212,7-11嘟嘟門市,02-27478711#3961,404台中市北區興進路60號
213,7-11桂冠門市,02-27478711#3961,407台中市西屯區何厝街43號
214,7-11新仁華門市,02-27478711#3961,412臺中市大里區仁化路460號
215,7-11精中門市,02-27478711#3961,411臺中市太平區長億六街51號
216,7-11台紙門市,02-27478711#3961,432臺中市大肚區沙田路二段645號
217,7-11京泰門市,02-27478711#3961,420臺中市豐原區成功路195號
218,7-11綠都門市,02-27478711#3961,401台中市東區自由路三段169-1號
219,7-11新勤益門市,02-27478711#3961,411臺中市太平區中山路1段217號
220,7-11鼎泰門市,02-27478711#3961,414臺中市烏日區仁德村中山路一段413號1樓
221,7-11新清水門市,02-27478711#3961,436臺中市清水區五權路16號
222,7-11英荃門市,02-27478711#3961,436臺中市清水區中山路81號
223,聲暐電器有限公司,04-26357972,433臺中市沙鹿區大同街31號
224,7-11大甲東門市,02-27478711#3961,438臺中市外埔區大東村甲后路689.691號.
225,7-11順益門市,02-27478711#3961,404台中市北區五權路387號.五常街13.15號
226,7-11太平門市,02-27478711#3961,411臺中市太平區中興路171號
227,7-11吉仕多門市,02-27478711#3961,411臺中市太平區樹德路255號.
228,7-11逢源門市,02-27478711#3961,407台中市西屯區逢甲路162號之5
229,7-11豐中門市,02-27478711#3961,420臺中市豐原區中正路202.204號
230,7-11錦花門市,02-27478711#3961,400台中市中區光復路127號
231,7-11富麗門市,02-27478711#3961,401台中市東區十甲里十甲路397號
232,7-11南屯門市,02-27478711#3961,408台中市南屯區南屯路2段501、503號
233,7-11雅津門市,02-27478711#3961,404台中市北區天津路2段7號
234,永倉企業有限公司,04-25238950,420臺中市豐原區文昌東街25號
235,7-11熱天門市,02-27478711#3961,406台中市北屯區平安里9鄰天津路4段47.49號
236,7-11昌平門市,02-27478711#3961,406台中市北屯區昌平路1段70號
237,7-11福茂門市,02-27478711#3961,407台中市西屯區西屯路三段148-30號
238,7-11后東門市,02-27478711#3961,421臺中市后里區甲后路97號
239,7-11雙喜門市,02-27478711#3961,428臺中市大雅區中山北路167號
240,7-11港中門市,02-27478711#3961,435臺中市梧棲區中央路一段825號1樓
241,7-11漢成門市,02-27478711#3961,407台中市西屯區漢成四街2號
242,7-11龍津門市,02-27478711#3961,434臺中市龍井區三德村中央路二段4號
243,7-11紅億門市,02-27478711#3961,411臺中市太平區光興路572.576號
244,7-11工一門市,02-27478711#3961,407台中市西屯區工業區一路98-32號1樓
245,7-11敦煌門市,02-27478711#3961,406台中市北屯區敦化路456號
246,7-11法奇門市,02-27478711#3961,402台中市南區五權南路189號
247,7-11甜蜜門市,02-27478711#3961,429臺中市神岡區豐洲路230號1樓
248,7-11新童門市,02-27478711#3961,435臺中市梧棲區大庄里中棲路699號
249,7-11東園門市,02-27478711#3961,414臺中市烏日區溪南路283之1號
250,7-11雅樂門市,02-27478711#3961,406台中市北屯區松竹路88號
251,7-11翁子門市,02-27478711#3961,420臺中市豐原區豐勢路1段669號
252,7-11尚仁門市,02-27478711#3961,407台中市西屯區上仁街102.104.106號
253,7-11華生門市,02-27478711#3961,403台中市西區民生路517號
254,7-11潭秀門市,02-27478711#3961,427臺中市潭子區勝利路428號及雅潭路1段167號
255,7-11同榮門市,02-27478711#3961,406台中市北屯區同榮路262號
256,7-11興生門市,02-27478711#3961,412臺中市大里區中興路2段336.338號
257,7-11寶昇門市,02-27478711#3961,406台中市北屯區北屯路224之1號
258,7-11墩隆門市,02-27478711#3961,407台中市西屯區大墩路966號
259,7-11京展門市,02-27478711#3961,420臺中市豐原區中正路858號1樓
260,7-11上楓門市,02-27478711#3961,428臺中市大雅區民生路3段523號
261,7-11上誠門市,02-27478711#3961,403台中市西區向上路1段402號
262,7-11生活門市,02-27478711#3961,402台中市南區西川里忠明南路730巷23號
263,7-11日南門市,02-27478711#3961,437臺中市大甲區日南里青年路130號
264,7-11喬城門市,02-27478711#3961,412臺中市大里區大智路524號
265,7-11新大里門市,02-27478711#3961,412臺中市大里區新興路47號
266,7-11美村門市,02-27478711#3961,403台中市西區美村路1段560號
267,7-11台火門市,02-27478711#3961,402台中市南區美村南路137號及工學路16號
268,7-11大道門市,02-27478711#3961,412臺中市大里區仁化里至善路188號.
269,7-11南新門市,02-27478711#3961,402台中市南區南平路123號
270,7-11權興門市,02-27478711#3961,408台中市南屯區五權西路二段62號
271,7-11長億門市,02-27478711#3961,402台中市南區工學路128號.
272,7-11豐陽門市,02-27478711#3961,420臺中市豐原區南陽路372號
273,7-11興府門市,02-27478711#3961,428臺中市大雅區學府路51號
274,7-11瑞城門市,02-27478711#3961,412臺中市大里區塗城路597.599號
275,7-11亞太門市,02-27478711#3961,404台中市北區大雅路370號
276,7-11吉宏門市,02-27478711#3961,414臺中市烏日區中華路565.567號.
277,7-11詠德門市,02-27478711#3961,435臺中市梧棲區大智路二段385號
278,7-11大維門市,02-27478711#3961,435臺中市梧棲區四維路73號
279,7-11萬文門市,02-27478711#3961,408台中市南屯區黎明路一段1033號
280,7-11全利門市,02-27478711#3961,411臺中市太平區樹孝路338號
281,7-11元宏門市,02-27478711#3961,414臺中市烏日區溪南路一段722號
282,7-11福廣門市,02-27478711#3961,407台中市西屯區廣福路341.343號
283,7-11弘光門市,02-27478711#3961,433臺中市沙鹿區晉江里中棲路34號
284,7-11京達門市,02-27478711#3961,420臺中市豐原區中正路805號
285,7-11粵西門市,02-27478711#3961,423臺中市東勢區東坑路285號
286,7-11大將作門市,02-27478711#3961,403台中市西區英才路410號
287,7-11百達門市,02-27478711#3961,428臺中市大雅區中清路1段83號
288,7-11台中港門市,02-27478711#3961,435臺中市梧棲區中棲路二段181號
289,7-11逢運門市,02-27478711#3961,406台中市北屯區雷中街95號
290,7-11三軍門市,02-27478711#3961,428臺中市大雅區仁愛路101、103號
291,7-11新社門市,02-27478711#3961,426臺中市新社區興社街4段27之1號
292,7-11雅亭門市,02-27478711#3961,404台中市北區大雅路189-5號
293,7-11頂橋門市,02-27478711#3961,402台中市南區興大路338、340號
294,7-11福寶門市,02-27478711#3961,406台中市北屯區陳平里陳平路59號1樓
295,7-11崇尚門市,02-27478711#3961,406台中市北屯區崇德路二段344號
296,7-11南北通門市,02-27478711#3961,406台中市北屯區同榮里環中路一段1200號
297,7-11庚樺門市,02-27478711#3961,404台中市北區崇德路一段143之2號
298,7-11青河門市,02-27478711#3961,406台中市北屯區青島路3段141號
299,7-11東泰門市,02-27478711#3961,423臺中市東勢區東蘭路41-6號1樓
300,7-11雙鹿門市,02-27478711#3961,411臺中市太平區新平路三段1號1樓
301,7-11新育才門市,02-27478711#3961,404台中市北區三民路三段116號
302,7-11新十甲門市,02-27478711#3961,401台中市東區十甲路132-1、134號1樓
303,7-11甘肅門市,02-27478711#3961,407台中市西屯區甘肅路二段22號
304,7-11矽品門市,02-27478711#3961,427臺中市潭子區大豐路3段188、190號
305,7-11模範門市,02-27478711#3961,403台中市西區模範街34巷1號
306,7-11福田門市,02-27478711#3961,402台中市南區文心南路885號
307,7-11玉豐門市,02-27478711#3961,412臺中市大里區東榮路483號
308,7-11德毅門市,02-27478711#3961,404台中市北區尊賢街9號
309,7-11蔣公門市,02-27478711#3961,437臺中市大甲區庄美里蔣公路222號
310,7-11平興門市,02-27478711#3961,406台中市北屯區遼寧路一段120號
311,7-11福明門市,02-27478711#3961,401台中市東區進化路170號1樓
312,7-11上安門市,02-27478711#3961,407台中市西屯區至善路61路
313,7-11大時代門市,02-27478711#3961,402台中市南區工學路61號.
314,7-11福岡門市,02-27478711#3961,407台中市西屯區福科路338號
315,7-11富仁門市,02-27478711#3961,401台中市東區進德路70號.
316,7-11向美門市,02-27478711#3961,403台中市西區向上路1段189號.
317,7-11新東峰門市,02-27478711#3961,404台中市北區東光路340號
318,7-11淡溝門市,02-27478711#3961,404台中市北區民權路406號
319,7-11大秀門市,02-27478711#3961,436臺中市清水區秀水里五權路269號
320,7-11向權門市,02-27478711#3961,408台中市南屯區五權西路2段412號1樓
321,7-11西德門市,02-27478711#3961,406台中市北屯區仁和里崇德路3段115號
322,7-11修平門市,02-27478711#3961,412臺中市大里區工業二路100號
323,7-11南美門市,02-27478711#3961,402台中市南區南平路182號
324,7-11龍田門市,02-27478711#3961,434臺中市龍井區田中村臨港東路一段75號
325,7-11大坑門市,02-27478711#3961,406台中市北屯區橫坑巷28-1號
326,7-11鄉林門市,02-27478711#3961,408台中市南屯區大業路177號
327,7-11義和門市,02-27478711#3961,437臺中市大甲區中山路一段492號
328,7-11新大億門市,02-27478711#3961,411臺中市太平區大興路151、151-1號
329,7-11順泰門市,02-27478711#3961,404台中市北區漢口路四段265號
330,7-11學和門市,02-27478711#3961,402台中市南區學府路123、125號1樓
331,7-11聯順門市,02-27478711#3961,407台中市西屯區福聯里福順路898、900號
332,7-11昌興門市,02-27478711#3961,436臺中市清水區新興路238號文昌街12-1號
333,7-11大熊門市,02-27478711#3961,402台中市南區樹義里高工路96號
334,7-11新豐興門市,02-27478711#3961,420臺中市豐原區東勢里中興路57號
335,7-11瀚尹門市,02-27478711#3961,406台中市北屯區文心路4段577、579號
336,7-11一路發門市,02-27478711#3961,436臺中市清水區鰲峰路580號之15
337,7-11慶江門市,02-27478711#3961,407台中市西屯區重慶路375號
338,7-11民府門市,02-27478711#3961,403台中市西區府後街66、68號
339,7-11工權門市,02-27478711#3961,408台中市南屯區工業區十八路31-1號
340,7-11頂尖門市,02-27478711#3961,433臺中市沙鹿區北勢東路617、619號
341,7-11萬仙門市,02-27478711#3961,420臺中市石岡區萬仙街68號
342,7-11丁台門市,02-27478711#3961,413臺中市霧峰區四德路477-3號
343,7-11無尾熊門市,02-27478711#3961,402台中市南區德富路73號
344,7-11昌和門市,02-27478711#3961,406台中市北屯區東山路1段146之39號
345,7-11功興門市,02-27478711#3961,411臺中市太平區成功東路267、269號
346,7-11光園門市,02-27478711#3961,401台中市東區東光園路142號
347,7-11豐勇門市,02-27478711#3961,420臺中市豐原區豐中路131號
348,7-11昌陽門市,02-27478711#3961,406台中市北屯區昌平路一段264號
349,7-11新石岡門市,02-27478711#3961,422臺中市石岡區明德路118號
350,7-11關連門市,02-27478711#3961,435臺中市梧棲區臨港路2段72號
351,7-11光興門市,02-27478711#3961,411臺中市太平區興隆里12鄰光興路1632號
352,7-11精業門市,02-27478711#3961,403台中市西區精誠路41號之6之7
353,7-11栗林門市,02-27478711#3961,427臺中市潭子區祥和路169.171號
354,7-11豐原站門市,02-27478711#3961,420臺中市豐原區中正路1號
355,7-11大東家門市,02-27478711#3961,402台中市南區新榮里復興路3段140號
356,7-11盛民興門市,02-27478711#3961,411臺中市太平區中山路二段366.366-1.368號
357,7-11斗抵門市,02-27478711#3961,433臺中市沙鹿區沙田路43-12號
358,7-11漢溪門市,02-27478711#3961,401台中市東區十甲東路566號1樓
359,7-11港強門市,02-27478711#3961,407台中市西屯區福安路57號
360,7-11聯信門市,02-27478711#3961,402台中市南區建成路1107號1樓
361,7-11航發門市,02-27478711#3961,407台中市西屯區河南路二段238號
362,7-11中勇門市,02-27478711#3961,408台中市南屯區忠勇路111-1、111-2號
363,7-11巧聖門市,02-27478711#3961,412臺中市大里區西榮里益民路二段137號
364,7-11松東門市,02-27478711#3961,406台中市北屯區松竹路3段125號
365,7-11台鐵門市,02-27478711#3961,400台中市中區建國路172號
366,7-11新墩興門市,02-27478711#3961,408台中市南屯區東興路二段98號1樓
367,7-11巧竹門市,02-27478711#3961,436臺中市清水區海濱里臨海路46-53、46-54號
368,7-11里德門市,02-27478711#3961,412臺中市大里區德芳南路211號
369,7-11東村門市,02-27478711#3961,411臺中市太平區東平路512號
370,7-11后興門市,02-27478711#3961,421臺中市后里區甲后路728號
371,7-11嶺中門市,02-27478711#3961,408台中市南屯區永春南路117號1樓
372,7-11聚懋門市,02-27478711#3961,408台中市南屯區大墩路287、289號一樓
373,7-11大茅埔門市,02-27478711#3961,423臺中市東勢區東關路291之11、12號
374,7-11金大安門市,02-27478711#3961,439臺中市大安區中庄村中山南路323、325號1樓
375,7-11潭北門市,02-27478711#3961,427臺中市潭子區潭北村仁愛路三段28號
376,7-11東展門市,02-27478711#3961,423臺中市東勢區南平里豐勢路336號
377,7-11軍福門市,02-27478711#3961,406台中市北屯區水景里軍功路一段497號
378,7-11九德門市,02-27478711#3961,414臺中市烏日區九德村中華路45.47號1樓
379,7-11蓋夏門市,02-27478711#3961,433臺中市沙鹿區中棲路200號
380,7-11高美祿門市,02-27478711#3961,436臺中市清水區高美路190號1樓
381,7-11頭張門市,02-27478711#3961,427臺中市潭子區家福村頭張路一段31號
382,7-11興昌門市,02-27478711#3961,406台中市北屯區興安路2段60號1樓
383,7-11瀋陽門市,02-27478711#3961,406台中市北屯區瀋陽路1段113號
384,7-11益華門市,02-27478711#3961,404台中市北區健行路49號
385,7-11忠權門市,02-27478711#3961,404台中市北區民權路586號
386,7-11富強門市,02-27478711#3961,404台中市北區富強街46號
387,7-11明義門市,02-27478711#3961,403台中市西區美村路1段22號
388,7-11東富門市,02-27478711#3961,412臺中市大里區東榮路282號
389,7-11瑞盟門市,02-27478711#3961,407台中市西屯區西屯路三段159號之12.
390,7-11豐泰門市,02-27478711#3961,420臺中市豐原區豐勢路二段396號
391,7-11金典門市,02-27478711#3961,403台中市西區健行路1046;1046之1號
392,7-11祐瑄門市,02-27478711#3961,433臺中市沙鹿區光華路502.506號
393,7-11新民高中門市,02-27478711#3961,404台中市北區金龍里三民路三段289號
394,7-11新民國門市,02-27478711#3961,404台中市北區金龍里三民路三段289號
395,7-11新甲后門市,02-27478711#3961,438臺中市外埔區甲后路421.423號
396,7-11潭慶門市,02-27478711#3961,427臺中市潭子區大豐路三段123號
397,7-11潭富門市,02-27478711#3961,427臺中市潭子區中山路二段585之1號
398,7-11昌泰門市,02-27478711#3961,406台中市北屯區旱溪東路3段2號
399,7-11農會門市,02-27478711#3961,426臺中市新社區新社村中和街四段226號
400,7-11易鴻門市,02-27478711#3961,413臺中市霧峰區南柳村柳豐路368.370號1F
401,7-11環中門市,02-27478711#3961,407台中市西屯區環中路一段805之1號
402,7-11文化中心門市,02-27478711#3961,403台中市西區英才路600號
403,7-11潭德門市,02-27478711#3961,427臺中市潭子區崇德路五段489號
404,7-11中潭門市,02-27478711#3961,427臺中市潭子區圓通南路136號
405,7-11雅興門市,02-27478711#3961,428臺中市大雅區雅潭路183號
406,7-11展碩門市,02-27478711#3961,428臺中市大雅區永和路149巷28號
407,7-11友達光電門市,02-27478711#3961,407台中市西屯區中科路1號
408,7-11宥辰門市,02-27478711#3961,412臺中市大里區立新街350號
409,7-11國安國宅門市,02-27478711#3961,407台中市西屯區國安一路208巷1號
410,7-11瑞陽門市,02-27478711#3961,408台中市南屯區大墩12街642號
411,7-11東俊門市,02-27478711#3961,407台中市西屯區台中港路三段181號
412,7-11東麗門市,02-27478711#3961,407台中市西屯區台中港路三段181號
413,7-11校友會館門市,02-27478711#3961,407台中市西屯區台中港路三段181號
414,7-11直興門市,02-27478711#3961,420臺中市豐原區水源路695號
415,7-11友達宿舍門市,02-27478711#3961,407台中市西屯區中科路1號
416,7-11第一廣場門市,02-27478711#3961,400台中市中區中正路36號
417,7-11益昇門市,02-27478711#3961,412臺中市大里區益民路一段90號
418,7-11潭寶門市,02-27478711#3961,427臺中市潭子區潭興路三段51號
419,7-11詠珊門市,02-27478711#3961,435臺中市梧棲區大智路1017號
420,7-11漢華門市,02-27478711#3961,404台中市北區漢口路五段60.62.66號1樓
421,7-11新中工門市,02-27478711#3961,407台中市西屯區工業區一路58之1號
422,7-11神寶門市,02-27478711#3961,429臺中市神岡區中正路100號
423,7-11萬峰門市,02-27478711#3961,413臺中市霧峰區中正路146-20號
424,7-11婷婷門市,02-27478711#3961,404台中市北區學士路65號
425,7-11豐春門市,02-27478711#3961,408台中市南屯區文心南路100號.
426,7-11永隆門市,02-27478711#3961,412臺中市大里區大明路457號
427,7-11惠文門市,02-27478711#3961,408台中市南屯區河南路四段230、232號
428,7-11鎮揚門市,02-27478711#3961,433臺中市沙鹿區南陽路439號.
429,7-11親旺門市,02-27478711#3961,432臺中市大肚區新興村沙田路二段219之1號
430,7-11豐河門市,02-27478711#3961,408台中市南屯區河南路四段502.504號
431,7-11精田門市,02-27478711#3961,408台中市南屯區黎明路一段102號
432,7-11大鼎門市,02-27478711#3961,412臺中市大里區至善路139號1樓
433,7-11中強門市,02-27478711#3961,407台中市西屯區中港路三段64.66號
434,7-11福康門市,02-27478711#3961,407台中市西屯區福林里福康路33號
435,7-11義興門市,02-27478711#3961,402台中市南區復興路一段128號
436,7-11承軒門市,02-27478711#3961,429臺中市神岡區民生路48之7.8.9號
437,7-11福豐門市,02-27478711#3961,421臺中市后里區福美路17號
438,7-11松強門市,02-27478711#3961,406台中市北屯區松安里崇德六路一段47號
439,7-11弘新門市,02-27478711#3961,435臺中市梧棲區永興路一段112號
440,7-11雅典門市,02-27478711#3961,402台中市南區三民西路377號西川一路1號
441,7-11丰瑞門市,02-27478711#3961,406台中市北屯區四民里四平路563號
442,7-11后寶門市,02-27478711#3961,421臺中市后里區三豐路113之24.25號
443,7-11沙鹿光田門市,02-27478711#3961,433臺中市沙鹿區沙田路115號
444,7-11安河門市,02-27478711#3961,407台中市西屯區河南路二段14號
445,7-11西屯重慶門市,02-27478711#3961,407台中市西屯區西屯路二段95之25號
446,7-11興悅門市,02-27478711#3961,404台中市北區金華里進德北路160.162號
447,7-11新永大門市,02-27478711#3961,412臺中市大里區大明路334號
448,7-11萳陽門市,02-27478711#3961,420臺中市豐原區南陽路480號
449,7-11新忠貞門市,02-27478711#3961,433臺中市沙鹿區東海路42號
450,7-11大安港門市,02-27478711#3961,437臺中市大甲區大安港路118號
451,7-11中投門市,02-27478711#3961,413臺中市霧峰區五福村中投西路二段398號
452,7-11雅神門市,02-27478711#3961,428臺中市大雅區中正路花眉巷1之3號
453,7-11豐環門市,02-27478711#3961,420臺中市豐原區豐原大道1段370號
454,7-11潭豐門市,02-27478711#3961,427臺中市潭子區崇德路4段250之1號
455,7-11光大國宅門市,02-27478711#3961,404台中市北區文莊里日興街180號1樓
456,7-11惠中門市,02-27478711#3961,408台中市南屯區干城街267號
457,7-11朝陽大學門市,02-27478711#3961,413臺中市霧峰區吉峰東路62號
458,7-11綠點門市,02-27478711#3961,428臺中市大雅區神林路一段300.302號
459,7-11新春社門市,02-27478711#3961,408台中市南屯區永春南路136.138號
460,7-11長德門市,02-27478711#3961,411臺中市太平區長億里永成北路125號
461,7-11菁埔門市,02-27478711#3961,436臺中市清水區中央北路1號
462,7-11東洲門市,02-27478711#3961,420臺中市豐原區豐原大道7段488號
463,7-11福雅門市,02-27478711#3961,407台中市西屯區福雅路338號
464,7-11台中高鐵門市,02-27478711#3961,414臺中市烏日區站區二路8號2樓
465,7-11昌旺門市,02-27478711#3961,406台中市北屯區昌平路二段12之16號
466,7-11豐原道門市,02-27478711#3961,420臺中市豐原區水源路307號
467,7-11國校門市,02-27478711#3961,406台中市北屯區國校巷16號
468,7-11新文化門市,02-27478711#3961,403台中市西區中美街283號
469,7-11潭興門市,02-27478711#3961,427臺中市潭子區豐興路1段593.595號
470,7-11彩豐門市,02-27478711#3961,421臺中市后里區三豐路473之5號
471,7-11樹王門市,02-27478711#3961,412臺中市大里區文心南路1252號
472,7-11龍峰門市,02-27478711#3961,434臺中市龍井區新庄村中龍路2段298號
473,7-11沙鹿中山門市,02-27478711#3961,433臺中市沙鹿區中山路198號
474,7-11薰衣草門市,02-27478711#3961,426臺中市新社區協中街169之1號
475,7-11鎮欣門市,02-27478711#3961,433臺中市沙鹿區北勢里鎮南路二段368號
476,7-11吉龍門市,02-27478711#3961,403台中市西區忠明南路410號
477,7-11錦中門市,02-27478711#3961,404台中市北區三民路3段258號
478,7-11墩業門市,02-27478711#3961,408台中市南屯區大墩路717-5號
479,7-11市民門市,02-27478711#3961,403台中市西區公益路157號.
480,7-11篤信門市,02-27478711#3961,403台中市西區中港路1段74號
481,7-11市鑫門市,02-27478711#3961,400台中市中區自由路2段6號
482,7-11美群門市,02-27478711#3961,412臺中市大里區美群路60號
483,7-11五權門市,02-27478711#3961,403台中市西區五權路1-201號
484,7-11港安門市,02-27478711#3961,407台中市西屯區西屯路三段179之9號
485,7-11逢盛門市,02-27478711#3961,407台中市西屯區福星路330號
486,7-11大肚門市,02-27478711#3961,432臺中市大肚區沙田路二段740號
487,7-11進德門市,02-27478711#3961,401台中市東區自由路3段226號.進德路77號
488,7-11墩南門市,02-27478711#3961,408台中市南屯區南屯路二段212號1樓
489,7-11進溢門市,02-27478711#3961,404台中市北區錦村里進化路280號.
490,7-11上福門市,02-27478711#3961,407台中市西屯區中平路212及216號1樓
491,7-11奇晉門市,02-27478711#3961,429臺中市神岡區豐洲路469號1樓
492,7-11精明門市,02-27478711#3961,403台中市西區精誠路64.66號
493,7-11昌鴻門市,02-27478711#3961,404台中市北區賴厝里山西路一段65.67號1樓
494,7-11潮洋門市,02-27478711#3961,407台中市西屯區市政路596號
495,7-11里仁門市,02-27478711#3961,412臺中市大里區國光路2段411號
496,7-11民主門市,02-27478711#3961,402台中市南區復興路3段322.324.326號
497,7-11立夫門市,02-27478711#3961,404台中市北區育德路2號
498,7-11中友門市,02-27478711#3961,404台中市北區育才北路74、76號
499,7-11美生門市,02-27478711#3961,403台中市西區美村路1段54號
500,7-11東陽門市,02-27478711#3961,404台中市北區大雅路50-2.50-3.50-5號
501,7-11超全門市,02-27478711#3961,428臺中市大雅區中清路4段328號1樓
502,7-11台麗門市,02-27478711#3961,403台中市西區五權路119號
503,7-11神林門市,02-27478711#3961,428臺中市大雅區神林南路144號
504,7-11久豐門市,02-27478711#3961,421臺中市后里區三光路36號.
505,7-11衛道門市,02-27478711#3961,404台中市北區進化北路378-6號
506,7-11清峰門市,02-27478711#3961,436臺中市清水區中華路330號
507,7-11港臻門市,02-27478711#3961,435臺中市梧棲區文昌路333號
508,7-11文嶺門市,02-27478711#3961,408台中市南屯區嶺東路806號
509,7-11松潭門市,02-27478711#3961,406台中市北屯區軍功路二段183號1樓
510,7-11三豐路門市,02-27478711#3961,420臺中市豐原區三豐路909號
511,7-11文勝門市,02-27478711#3961,408台中市南屯區惠文路499號
512,7-11晉豐門市,02-27478711#3961,420臺中市豐原區西勢路425號
513,7-11新國光門市,02-27478711#3961,402台中市南區國光路82及84號;愛國街69號
514,7-11興春門市,02-27478711#3961,408台中市南屯區永春東路96號
515,7-11中台禾豐門市,02-27478711#3961,406台中市北屯區太原路三段1505號
516,7-11大里城門市,02-27478711#3961,412臺中市大里區仁堤路6號
517,7-11鑫鑽門市,02-27478711#3961,408台中市南屯區文心南三路663號
518,7-11鈞泰門市,02-27478711#3961,406台中市北屯區太原路三段1112之1、1120之1號1樓
519,7-11東侑門市,02-27478711#3961,406台中市北屯區東山路一段378之17號
520,7-11永源村門市,02-27478711#3961,426臺中市新社區東山街88-29.30號
521,7-11后冠門市,02-27478711#3961,421臺中市后里區民生路1號
522,7-11宸騰門市,02-27478711#3961,407台中市西屯區上石路201號
523,7-11鈦譜門市,02-27478711#3961,434臺中市龍井區龍東村舊車路臨115號
524,7-11中榮門市,02-27478711#3961,407台中市西屯區台中港路三段160號
525,7-11育成門市,02-27478711#3961,413臺中市霧峰區樹仁路161-1及161-2號
526,7-11逢喜門市,02-27478711#3961,407台中市西屯區逢甲路247號
527,7-11鹿興門市,02-27478711#3961,433臺中市沙鹿區中興路401.401-1號
528,7-11新光德門市,02-27478711#3961,414臺中市烏日區信義街162號1樓
529,7-11甜園門市,02-27478711#3961,427臺中市潭子區安和路9號
530,7-11瑞慶門市,02-27478711#3961,420臺中市豐原區豐原大道3段261號
531,7-11新亞大門市,02-27478711#3961,413臺中市霧峰區中正路473.475號
532,7-11鄉林夏都門市,02-27478711#3961,403台中市西區忠明南路116之1號
533,7-11榮泉門市,02-27478711#3961,414臺中市烏日區中山路三段1007號
534,7-11亞洲一店門市,02-27478711#3961,413臺中市霧峰區柳豐路500號
535,7-11新豐功門市,02-27478711#3961,408台中市南屯區豐樂里永春東路860號
536,7-11詠豐門市,02-27478711#3961,408台中市南屯區永定里永春路28之2號
537,7-11權勝門市,02-27478711#3961,408台中市南屯區永定里五權西路2段812號
538,7-11雅勝門市,02-27478711#3961,428臺中市大雅區二和村3鄰雅潭路299之13號
539,7-11永在門市,02-27478711#3961,437臺中市大甲區日南里黎明路3之21號1樓
540,7-11華太門市,02-27478711#3961,404台中市北區中華路二段137號
541,7-11鑫井源門市,02-27478711#3961,434臺中市龍井區沙田路六段323號
542,7-11東英門市,02-27478711#3961,401台中市東區自由路四段339號
543,7-11中醫五權門市,02-27478711#3961,404台中市北區學士路2號
544,7-11福上門市,02-27478711#3961,407台中市西屯區河南路2段71號1樓
545,7-11群豐門市,02-27478711#3961,429臺中市神岡區大豐路196-1號
546,7-11豐業門市,02-27478711#3961,408台中市南屯區豐樂里黎明路一段850號
547,7-11忠明義門市,02-27478711#3961,403台中市西區忠明南路23.25號
548,7-11中湖門市,02-27478711#3961,412臺中市大里區中興路一段292之11及292之12號
549,三好商店,04-22765590#17,411臺中市太平區大源路38號
550,7-11潭春門市,02-27478711#3961,427臺中市潭子區東寶村大豐路二段1號1樓
551,7-11鑫華新門市,02-27478711#3961,400台中市中區中華里中華路一段75.77號;民族路218號
552,7-11大衛門市,02-27478711#3961,412臺中市大里區國中路276號
553,7-11大洲門市,02-27478711#3961,429臺中市神岡區大洲路299之1號
554,7-11鑫友達門市,02-27478711#3961,407台中市西屯區中科路1號
555,7-11高工門市,02-27478711#3961,402台中市南區永興里高工路202號
556,7-11鑫工和門市,02-27478711#3961,407台中市西屯區協和里工業區38路30號1樓
557,7-11光隆門市,02-27478711#3961,411臺中市太平區光興路831號;興隆路262號
558,7-11鹿維門市,02-27478711#3961,433臺中市沙鹿區北勢東路330號
559,7-11東泓門市,02-27478711#3961,401台中市東區東門里東門路140號
560,7-11鈺英門市,02-27478711#3961,437臺中市大甲區育英路283號
561,7-11保屏門市,02-27478711#3961,433臺中市沙鹿區中興路528號
562,7-11新政門市,02-27478711#3961,437臺中市大甲區信義路193號
563,7-11中台人門市,02-27478711#3961,406台中市北屯區部(ㄅㄨ)子里部(ㄅㄨ)子巷11號
564,7-11新北庄門市,02-27478711#3961,429臺中市神崗鄉北庄村中山路1320-3號
565,7-11天仁門市,02-27478711#3961,433臺中市沙鹿區斗抵里沙田路17之19號
566,7-11新平智門市,02-27478711#3961,401台中市東區新庄里大智路49號
567,7-11廣裕門市,02-27478711#3961,428臺中市大雅區橫山村中山路128號
568,7-11新豐寶門市,02-27478711#3961,420臺中市豐原區中山路143-2號1樓
569,7-11科博館門市,02-27478711#3961,404台中市北區博館路80號
570,7-11神岡門市,02-27478711#3961,429臺中市神岡區中山路113號
571,7-11保誠門市,02-27478711#3961,403台中市西區五權路2-104號.貴和街222號
572,正昌電器有限公司,04-22780639,411臺中市太平區406太平區太平路575號
573,7-11三中門市,02-27478711#3961,403台中市西區忠明路56號
574,7-11中醫門市,02-27478711#3961,404台中市北區育德路13號
575,7-11公正門市,02-27478711#3961,403台中市西區美村路一段271號
576,7-11逢德門市,02-27478711#3961,407台中市西屯區青海路二段321.323號.
577,7-11復大門市,02-27478711#3961,401台中市東區復興路四段231-5、231-6號1樓
578,7-11鼎站門市,02-27478711#3961,400台中市中區建國路202號
579,7-11龍新門市,02-27478711#3961,434臺中市龍井區新興路18號1樓
580,7-11篤行門市,02-27478711#3961,404台中市北區篤行路120.122號
581,7-11大鵬門市,02-27478711#3961,407台中市西屯區長安路二段125號
582,7-11文華門市,02-27478711#3961,407台中市西屯區寧夏路232號
583,7-11建智門市,02-27478711#3961,401台中市東區建成路668號
584,7-11新里門市,02-27478711#3961,412臺中市大里區中興路2段480號.
585,7-11寧夏門市,02-27478711#3961,407台中市西屯區寧夏路105號
586,7-11逢仁門市,02-27478711#3961,407台中市西屯區青海路二段262號
587,7-11海濱門市,02-27478711#3961,436臺中市清水區西社里海濱路168之1
588,7-11美德門市,02-27478711#3961,404台中市北區美德街138號1樓
589,7-11新樹孝門市,02-27478711#3961,411臺中市太平區樹孝路109號1樓
590,7-11鰲峰門市,02-27478711#3961,436臺中市清水區鰲峰路22號
591,7-11新庄門市,02-27478711#3961,434臺中市龍井區台中港路42.46-1號
592,7-11新美門市,02-27478711#3961,437臺中市大甲區經國路329號
593,7-11元百門市,02-27478711#3961,412臺中市大里區成功路491.493號
594,7-11新德化門市,02-27478711#3961,404台中市北區德化街660號
595,7-11樹廣門市,02-27478711#3961,411臺中市太平區樹德路98-9號
596,7-11台中東山門市,02-27478711#3961,406台中市北屯區軍功里東山路一段221號
597,7-11新興陽門市,02-27478711#3961,406台中市北屯區興安路1段265號
598,7-11新堤門市,02-27478711#3961,412臺中市大里區立德里甲堤南路71號
599,7-11墩正門市,02-27478711#3961,408台中市南屯區溝墘里大墩11街330號1樓
600,7-11地球村門市,02-27478711#3961,400台中市中區中山里中山路2號
601,7-11福漢門市,02-27478711#3961,407台中市西屯區何福里漢口路二段112.112-1號
602,7-11鑫巴黎門市,02-27478711#3961,406台中市北屯區崇德路二段199號1樓
603,7-11鑫工三門市,02-27478711#3961,407台中市西屯區福安里中工三路128及130號1樓
604,千中電業工程企業有限公司,04-22765590#17,411臺中市太平區光興路635號
605,7-11億承門市,02-27478711#3961,436臺中市清水區民權路69號
606,7-11鑫廣門市,02-27478711#3961,402台中市南區福順里忠明南路787號
607,7-11新德勝門市,02-27478711#3961,428臺中市大雅區民生路三段68.70號
608,7-11豐肚門市,02-27478711#3961,432臺中市大肚區社腳村沙田路一段916號
609,7-11后糖門市,02-27478711#3961,421臺中市后里區甲后路835號1樓
610,7-11佳茂門市,02-27478711#3961,427臺中市潭子區中山路一段17號1樓
611,7-11豐尚門市,02-27478711#3961,420臺中市豐原區豐勢路二段680號一樓
612,7-11朝科大門市,02-27478711#3961,413臺中市霧峰區吉峰東路168號宿舍大樓
613,7-11新振興門市,02-27478711#3961,401台中市東區十甲東路217號
614,7-11慶樹門市,02-27478711#3961,402台中市南區樹德里大慶街2段36號
615,7-11鑫港醫門市,02-27478711#3961,407台中市西屯區台中港路三段160號1樓
616,7-11新豐喜門市,02-27478711#3961,420臺中市豐原區南陽路127號1樓
617,7-11欣谷關門市,02-27478711#3961,424臺中市和平區東關路一段135-2號1樓
618,7-11鑫和睦門市,02-27478711#3961,429臺中市神岡區神清路266.268號及福成路56-1號
619,7-11鑫佳慶門市,02-27478711#3961,411臺中市太平區大源二街1.3號1F
620,7-11墩富門市,02-27478711#3961,408台中市南屯區大墩路572號
621,7-11親親門市,02-27478711#3961,404台中市北區錦洲里北屯路14號1樓
622,7-11天佑門市,02-27478711#3961,407台中市西屯區中工二路196號
623,7-11鹿心門市,02-27478711#3961,433臺中市沙鹿區興仁里四平街58號.
624,7-11烏日門市,02-27478711#3961,414臺中市烏日區新興路127號
625,7-11昌順門市,02-27478711#3961,406台中市北屯區北屯路439之16號1樓
626,7-11汶莊門市,02-27478711#3961,404台中市北區大雅路27-15號
627,7-11豐源門市,02-27478711#3961,420臺中市豐原區圓環東路864號
628,7-11大榮門市,02-27478711#3961,411臺中市太平區中興東路189.191號
629,正興電業行,04-24920443,412臺中市大里區412臺中市大里區塗城路316號
630,7-11中興嶺門市,02-27478711#3961,426臺中市新社區中興嶺69號
631,7-11萬寶門市,02-27478711#3961,406台中市北屯區中清路105-7號
632,7-11中川門市,02-27478711#3961,407台中市西屯區台中港路2段60之5號.
633,7-11東風門市,02-27478711#3961,434臺中市龍井區遠東街3號
634,7-11亞和門市,02-27478711#3961,428臺中市大雅區中山北路410號
635,7-11鼎隆門市,02-27478711#3961,412臺中市大里區日新路237號
636,7-11松豪門市,02-27478711#3961,406台中市北屯區四平路218號
637,7-11福星門市,02-27478711#3961,407台中市西屯區福星路580號
638,7-11大明門市,02-27478711#3961,412臺中市大里區中興路2段833.835號
639,7-11欣東雲門市,02-27478711#3961,423臺中市東勢區第五橫街28號及三民街165號
640,7-11上楓樹門市,02-27478711#3961,408台中市南屯區中和里黎明路一段263號
641,7-11欣三豐門市,02-27478711#3961,420臺中市豐原區三豐路89.93.95號
642,7-11明樓門市,02-27478711#3961,402台中市南區明德街84號
643,7-11欣花園門市,02-27478711#3961,406台中市北屯區中清西二街27.29號一樓
644,7-11忠福門市,02-27478711#3961,403台中市西區忠明南路192號
645,大吉五金行,04-25155046,414臺中市烏日區光日路89號
646,綸泰企業(股)公司豐原,04-25240756,420臺中市豐原區420臺中市豐原區圓環南路239號
647,西北電器社,04-24834343,412臺中市大里區中興路二段392之3號
648,吉順機車行,04-22388172,404臺中市北區富強街1號
649,聯宏輪業行,04-22113888,401臺中市東區十甲東路397號
650,展暉電器有限公司,04-26992463,432臺中市大肚區432臺中市大肚區沙田路2段736號
651,長宏家庭百貨有限公司-好鄰居,04-24968402,412臺中市大里區成功路538號
652,弘盛電器行,04-24920631,412臺中市大里區412臺中市大里區瑞城里向學路54號
653,日誠電器行,04-24919918,412臺中市大里區仁化路562號
654,良發車業有限公司,04-26563950,435臺中市梧棲區居仁街350巷16號
655,國防部福利事業管理處臺中福利站,04-22120280,401臺中市東區自由路3段30號
656,清水鎮農會超市,04-26232150,436臺中市清水區新興路1-32號
657,建國書局,04-26232235,436臺中市清水區光華路156號
658,昇和電業行,04-24811600,412臺中市大里區國光里永興路30號1F
659,新昇輪機車行,04-22811612,402臺中市南區忠明南路1242號
660,大里市農會農民購物中心,04-24070289,412臺中市大里區新里里新興路101號
661,特力屋股份有限公司北屯分公司,04-2247-1000#666,406臺中市北屯區北屯路407-1號
662,特力屋股份有限公司豐原分公司,04-2513-2200#666,420臺中市豐原區水源路420號
663,特力屋股份有限公司西屯分公司,02-87916668#6554,407臺中市西屯區臺灣大道四段528號
664,特力屋股份有限公司台中大墩分公司,04-23282229,408臺中市南屯區大墩路533號B1
665,進德機車行,04-22033646,404臺中市北區西屯路一段234號
666,台灣家樂福股份有限公司豐原豐南分公司,04-25280897,420臺中市豐原區豐南街118號1樓
667,台灣家樂福股份有限公司台中沙鹿分公司,04-26652300,433臺中市沙鹿區光華路336號
668,秀明電器行,04-25872529,423臺中市東勢區豐勢路290號
669,家福股份有限公司台中崇德分公司,04-22372710#281,404臺中市北區崇德路一段625號
670,家福股份有限公司台中大墩分公司,04-23108467#880,408臺中市南屯區大墩路533號
671,家福股份有限公司中清分公司,04-24262555#881,406台中市中清路208號
672,家福股份有限公司台中德安分公司,04-2223-6677#880,401臺中市東區復興路4段186號地下1樓.2樓
673,家福股份有限公司 太平分公司,04-22778068#880,411臺中市太平區中平七街70號
674,家福股份有限公司青海分公司,04-27073866#880,407台中市青海路2段207-18號
675,家福股份有限公司文心分公司,04-22543355#880,408台中市文心路一段521號
676,家福股份有限公司 豐原分公司,04-25265151#880,420臺中市豐原區成功路500號
677,沅富電器行,04-25621230,429臺中市神岡區神岡路23號
678,永鑫電器行,04-25611408,429臺中市神岡區429臺中市神岡區三民路6號
679,中華電信股份有限公司臺灣南區電信分公司臺中營運處臺中北屯服務中心,02-23445862,406臺中市北屯區三光里北屯路208-5號
680,中華電信股份有限公司臺灣南區電信分公司臺中營運處學士服務中心,02-23445862,404臺中市北區賴村里學士路187號
681,中華電信股份有限公司臺灣南區電信分公司臺中營運處豐原服務中心,02-23445862,420臺中市豐原區豐西里3鄰豐西街21號
682,中華電信股份有限公司台灣南區電信分公司台中營運處,02-23445862,403臺中市西區利民里市府路37號
683,中華電信股份有限公司台灣南區電信分公司台中營運處,02-23445862,408臺中市南屯區文心路一段351號
684,中華電信股份有限公司台灣南區電信分公司台中營運處工學服務中心,02-23445862,402臺中市南區工學路82號
685,中華電信股份有限公司臺灣南區電信分公司臺中營運處崇德服務中心,02-23445862,406臺中市北屯區崇德路三段165號
686,中華電信股份有限公司臺灣南區電信分公司臺中營運處北台中服務中心,02-23445862,404臺中市北區中清路一段347號
687,中華電信股份有限公司臺灣南區電信分公司臺中營運處永福服務中心,02-23445862,407臺中市西屯區福雅路128巷58號
688,中華電信股份有限公司臺灣南區電信分公司臺中營運處永豐服務中心,02-23445862,411臺中市太平區太平路577號
689,中華電信股份有限公司台灣南區電信分公司台中營運處,02-23445862,435臺中市梧棲區大智路二段197號
690,中華電信股份有限公司台灣南區電信分公司台中營運處,02-23445862,437臺中市大甲區順天路159號
691,中華電信股份有限公司臺灣南區電信分公司臺中營運處潭子服務中心,02-23445862,427臺中市潭子區潭興路三段40號
692,中華電信股份有限公司台灣南區電信分公司台中營運處,02-23445862,433臺中市沙鹿區中山路205號
693,中華電信（股）臺灣南區電信分公司臺中營運處國光服務中,02-23445862,412臺中市大里區國光路二段735號
694,中華電信股份有限公司台灣南區電信分公司台中營運處,02-23445862,423臺中市東勢區本街244號
695,中華電信股份有限公司台灣南區電信分公司台中營運處,02-23445862,437臺中市大甲區中山路二段183號
696,中華電信股份有限公司台灣南區電信分公司台中營運處,02-23445862,408臺中市南屯區黎明路一段975號
697,中華電信股份有限公司臺灣南區電信分公司臺中營運處霧峰服務中心,02-23445862,413臺中市霧峰區中正路933號
698,中華電信股份有限公司台灣南區電信分公司台中營運處,02-23445862,433臺中市沙鹿區中航路1段168號
699,中華電信股份有限公司台灣南區電信分公司台中營運處,02-23445862,436臺中市清水區中山路79號
700,中華電信股份有限公司臺灣南區電信分公司臺中營運處塗城服務中心,02-23445862,412臺中市大里區成功路463號
701,中華電信股份有限公司臺灣南區電信分公司臺中營運處臺中永安服務中心,02-23445862,407臺中市西屯區台灣大道四段1238號
702,中華電信股份有限公司臺灣南區電信分公司臺中營運處曉明服務中心,02-23445862,404臺中市北區中清路一段561號
703,中華電信股份有限公司台灣南區電信分公司台中營運處,02-23445862,412臺中市大里區大智路727號
704,中華電信股份有限公司台灣南區電信分公司台中營運處,02-23445862,406臺中市北屯區中清路二段713號
705,中華電信股份有限公司台灣南區電信分公司台中營運處,02-23445862,407臺中市西屯區西屯路二段104號
706,中華電信股份有限公司台灣南區電信分公司台中營運處,02-23445862,404臺中市北區進化路322號
707,中華電信股份有限公司臺灣南區電信分公司臺中營運處后里服務中心,02-23445862,421臺中市后里區甲后路一段641號
708,中華電信股份有限公司臺灣南區電信分公司臺中營運處東山服務中心,02-23445862,407臺中市西屯區大墩路932號
709,中華電信股份有限公司臺灣南區電信分公司臺中營運處東山服務中心,02-23445862,406臺中市北屯區東山路一段212 之2 號
710,中華電信股份有限公司台灣南區電信分公司台中營運處,02-23445862,432臺中市大肚區榮華街3號
711,中華電信股份有限公司臺灣南區電信分公司臺中營運處太平服務中心,02-23445862,411臺中市太平區樹孝路25號
712,中華電信股份有限公司台灣南區電信分公司台中營運處,02-23445862,428臺中市大雅區民興街59號
713,中華電信股份有限公司台灣南區電信分公司台中營運處,02-23445862,403臺中市西區市府路37號
714,中華電信股份有限公司台灣南區電信分公司台中營運處,02-23445862,414臺中市烏日區三民街212號
715,中華電信股份有限公司台灣南區電信分公司台中營運處,02-23445862,424臺中市和平區中正路90號
716,中華電信股份有限公司臺灣南區電信分公司臺中營運處黎明服務中心,02-23445862,408臺中市南屯區黎明路二段147之1號
717,吉富機車行,04-25680882,428臺中市大雅區中清東路162號、166號
718,祥僑輪業有限公司,04-22795078,411臺中市太平區太平路120號
719,敦煌影印商行,04-26521140,434臺中市龍井區台灣大道五段59號
720,祥益商行,04-26521140,434臺中市龍井區台灣大道五段59號2樓
721,環資國際,02-66301010#123,402臺中市北區09870870897
722,全家便利商店股份有限公司-臺中東成店,04-22958388,404臺中市北區東成路２０，２２號１號
723,全家便利商店股份有限公司-臺中後龍店,04-22958388,403臺中市西區後龍街５８號民權路３０２號
724,全家便利商店股份有限公司-臺中水莊店,04-22958388,404臺中市北區文化街１３、１５、１７號１樓
725,全家便利商店股份有限公司-太平建昌店,04-22586158,411臺中市太平區新平路二段８２號１樓
726,全家便利商店股份有限公司-潭子矽品店,04-22958388,427臺中市潭子區中山路三段１５３號１樓（矽品中山廠）
727,全家便利商店股份有限公司-烏日高鐵店,04-22586158,414臺中市烏日區光日路３５６、３５８號１樓
728,全家便利商店股份有限公司-潭子豐興店,04-22958388,427臺中市潭子區潭興路一段１１４號１樓
729,全家便利商店股份有限公司-龍井新庄店,04-26520796,434臺中市龍井區新庄村新興路２２４號１樓
730,全家便利商店股份有限公司-大里瑞城店,04-22586158,412臺中市大里區瑞城一街２號１樓
731,全家便利商店股份有限公司-豐原田心店,04-22958388,420臺中市豐原區田心路二段２６１號１樓．２５９號１樓
732,全家便利商店股份有限公司-臺中東光店,04-22958388,406臺中市北屯區東光路８８６號１樓
733,全家便利商店股份有限公司-沙鹿大展店,04-22958388,433臺中市沙鹿區自強路３３６號１樓
734,全家便利商店股份有限公司-烏日三民店,04-22586158,414臺中市烏日區中山路二段２２０號，三民街１３６號
735,全家便利商店股份有限公司-豐原社興店,04-22958388,420臺中市豐原區社興五街１號、社興五街３號部份
736,全家便利商店股份有限公司-臺中育德店,04-22958388,404臺中市北區育德路１０８號，篤行路３６９號，３７１號
737,全家便利商店股份有限公司-臺中遠大店,04-22958388,404臺中市北區綏遠路一段８號１樓
738,全家便利商店股份有限公司-臺中儷晶店,04-22958388,407臺中市西屯區青海路二段１５３號
739,全家便利商店股份有限公司-臺中帝國店,04-22586158,402臺中市南區美村南路１５３、１５５號１樓
740,全家便利商店股份有限公司-太平永成店,04-22586158,411臺中市太平區永成北路１９１號１樓
741,全家便利商店股份有限公司-東勢嶺先店,04-22958388,423臺中市東勢區東崎街２８７號１樓
742,全家便利商店股份有限公司-臺中大盛店,04-22586158,402臺中市南區美村南路１９１巷４２號１樓
743,全家便利商店股份有限公司-太平廣三店,04-22586158,411臺中市太平區廣三街３３號
744,全家便利商店股份有限公司-臺中高橋店,04-22586158,402臺中市南區忠明南路７２４、７２６號
745,全家便利商店股份有限公司-臺中藍天店,04-22586158,407臺中市西屯區惠來路二段２４０號１樓
746,全家便利商店股份有限公司-大雅廣福店,04-22958388,428臺中市大雅區橫山村二鄰中山路４７號１樓
747,全家便利商店股份有限公司-臺中大向店,04-22958388,臺中市北屯路２１０之３號，２１０之５號１樓
748,全家便利商店股份有限公司-臺中福聯店,04-22958388,407臺中市西屯區福聯街５２號，５６號
749,全家便利商店股份有限公司-大里日新店,04-22586158,412臺中市大里區日新路４２９號，４３１號１樓
750,全家便利商店股份有限公司-潭子東寶店,04-22958388,427臺中市潭子區大富路一段１１號１樓
751,全家便利商店股份有限公司-潭子祥和店,04-22958388,427臺中市潭子區祥和路６２號、６４號１樓
752,全家便利商店股份有限公司-大里立仁店,04-22586158,412臺中市大里區新仁里立仁路８３號１樓
753,全家便利商店股份有限公司-臺中樂群店,04-22958388,403臺中市西區樂群街６１之４號
754,全家便利商店股份有限公司-臺中駿國店,04-22586158,408臺中市南屯區南屯路二段２０７號１樓
755,全家便利商店股份有限公司-臺中崇河店,04-22958388,406臺中市北屯區熱河路三段４２號１樓
756,全家便利商店股份有限公司-清水鰲峰店,04-22958388,436臺中市清水區鰲峰路５８５之８號１樓
757,全家便利商店股份有限公司-臺中學府店,04-22586158,402臺中市南區學府路１７６號，１７８號
758,全家便利商店股份有限公司-豐原豐東店,04-22958388,420臺中市豐原區豐東路１２２號
759,全家便利商店股份有限公司-太平育仁店,04-22586158,411臺中市太平區新平路三段１４６號１４８號１５０號一樓
760,全家便利商店股份有限公司-豐原永康店,04-22958388,420臺中市豐原區南陽里２１５之１號一樓
761,全家便利商店股份有限公司-潭子新田店,04-22958388,427臺中市潭子區新田村豐興路二段５５２號一樓
762,全家便利商店股份有限公司-臺中豐源店,04-22958388,406臺中市北屯區松竹北路１５０號
763,全家便利商店股份有限公司-大甲車頭店,04-22958388,437臺中市大甲區大甲里蔣公路２號１樓
764,全家便利商店股份有限公司-臺中漢文店,04-22958388,404臺中市北區漢口路四段５７號
765,全家便利商店股份有限公司-大里立新店,04-22586158,412臺中市大里區立新街３２１號１樓
766,全家便利商店股份有限公司-臺中大功店,04-22958388,404臺中市北區大湖里公園路１４６號一樓
767,全家便利商店股份有限公司-臺中永興店,04-22958388,404臺中市北區健行路３７５號１Ｆ
768,全家便利商店股份有限公司-太平水林店,04-22586158,411臺中市太平區中山路二段１１８號，１１８號之１
769,全家便利商店股份有限公司-臺中大進店,04-22586158,408臺中市南屯區公益路二段３９號
770,全家便利商店股份有限公司-霧峰振興店,04-22586158,413臺中市霧峰區中正村振興東街２號
771,全家便利商店股份有限公司-潭子榮興店,04-22958388,427臺中市潭子區榮興街５７巷１號
772,全家便利商店股份有限公司-大里大發店,04-22586158,412臺中市大里區中興路一段１０９之５號１樓
773,全家便利商店股份有限公司-臺中朝貴店,04-22586158,407臺中市西屯區朝馬路１４１號，１４３號一樓
774,全家便利商店股份有限公司-大里內新店,04-22586158,412臺中市大里區內新街５４，５６號１樓
775,全家便利商店股份有限公司-沙鹿弘光店,04-22958388,433臺中市沙鹿區北勢東路２６３號１樓
776,全家便利商店股份有限公司-大里光正店,04-22586158,412臺中市大里區塗城里光正路１１６號１樓
777,全家便利商店股份有限公司-霧峰六順店,04-22586158,413臺中市霧峰區錦州路２００號１樓
778,全家便利商店股份有限公司-大肚大洋店,04-22586158,432臺中市大肚區中沙路１６４巷３弄１０３號１樓
779,全家便利商店股份有限公司-大甲甲中店,04-22958388,437臺中市大甲區水源路１號
780,全家便利商店股份有限公司-大雅茂德店,04-22958388,428臺中市大雅區科雅路１９號２樓—茂德科技
781,全家便利商店股份有限公司-沙鹿車站店,04-22958388,433臺中市沙鹿區中正街４８—２號，４８—３號
782,全家便利商店股份有限公司-臺中惠慶店,04-22958388,407臺中市西屯區河南路二段３０１巷７６號１樓
783,全家便利商店股份有限公司-太平新興店,04-22586158,411臺中市太平區大興１１街２０７號
784,全家便利商店股份有限公司-臺中河南店,04-22958388,407臺中市西屯區河南路二段３２５號
785,全家便利商店股份有限公司-臺中楓樹店,04-22586158,408臺中市南屯區黎明路一段２５５號
786,全家便利商店股份有限公司-臺中干城店,04-22586158,408臺中市南屯區干城街２８５號
787,全家便利商店股份有限公司-大里塗城店,04-22586158,412臺中市大里區塗城路７４２號１樓
788,全家便利商店股份有限公司-臺中墩鴻店,04-22586158,408臺中市南屯區惠中里大墩十一街２９０號一樓
789,全家便利商店股份有限公司-神岡社口店,04-22958388,429臺中市神岡區社南村民族路５６之１號一樓
790,全家便利商店股份有限公司-臺中親家店,04-22586158,408臺中市南屯區文山八街６６號，６８號
791,全家便利商店股份有限公司-臺中福港店,04-22586158,407臺中市西屯區福和里中港路三段８９之５號一樓
792,全家便利商店股份有限公司-大里大功店,04-22586158,412臺中市大里區國光里國光路二段３８號一樓
793,全家便利商店股份有限公司-潭子圓通店,04-22958388,427臺中市潭子區福仁村圓通南路２９５號２９７號一樓
794,全家便利商店股份有限公司-臺中惠文店,04-22586158,408臺中市南屯區河南路四段３２６號
795,全家便利商店股份有限公司-臺中桂冠店,04-22958388,407臺中市西屯區四川路７９號
796,全家便利商店股份有限公司-臺中永春店,04-22586158,408臺中市南屯區永春路３７號
797,全家便利商店股份有限公司-臺中松茂店,04-22958388,406臺中市北屯區松強里興安路二段４６１巷２號４６３號一
798,全家便利商店股份有限公司-太平新中店,04-22586158,411臺中市太平區中山路三段１４２號
799,全家便利商店股份有限公司-霧峰八德店,04-22586158,413臺中市霧峰區四德路３７１號
800,全家便利商店股份有限公司-臺中長億店,04-22586158,402臺中市南區工學北路６７號
801,全家便利商店股份有限公司-臺中柳川店,04-22586158,402臺中市南區美村路二段１６號１樓
802,全家便利商店股份有限公司-臺中惠來店,04-22958388,407臺中市西屯區惠來路三段２４８號
803,全家便利商店股份有限公司-東勢中正店,04-22958388,423臺中市東勢區中正路３４２號
804,全家便利商店股份有限公司-外埔國王店,04-22958388,438臺中市外埔區大東村甲后路７５７之１號一樓
805,全家便利商店股份有限公司-霧峰明峰店,04-22586158,413臺中市霧峰區甲寅村中正路１１３５號一樓
806,全家便利商店股份有限公司-豐原豐順店,04-22958388,420臺中市豐原區朴子里豊勢路二段１１２３號一樓
807,全家便利商店股份有限公司-臺中進學店,04-22958388,404臺中市北區頂厝里進化北路３２５號、３２７號一樓
808,全家便利商店股份有限公司-新社興安店,04-22958388,426臺中市新社區新社村興社街四段２６之１號一樓
809,全家便利商店股份有限公司-臺中光明店,04-22958388,407臺中市西屯區臺中港路二段２１８，２２０號１Ｆ
810,全家便利商店股份有限公司-豐原豐南店,04-22958388,420臺中市豐原區田心里豊南街１３３號１３３之１號一樓
811,全家便利商店股份有限公司-臺中長安店,04-22958388,407臺中市西屯區長安路二段２６７，２６９號１樓
812,全家便利商店股份有限公司-沙鹿英才店,04-22958388,433臺中市沙鹿區北勢東路５３０號１樓
813,全家便利商店股份有限公司-臺中文山店,04-22586158,408臺中市南屯區文山里嶺東路７５０號７５２號一樓
814,全家便利商店股份有限公司-臺中大新店,04-22586158,408臺中市南屯區東興路三段１５７號
815,全家便利商店股份有限公司-霧峰樹人店,04-22586158,413臺中市霧峰區本堂村樹仁路５６號一樓
816,全家便利商店股份有限公司-大肚旺來店,04-22586158,432臺中市大肚區大東村自由路１５８號一樓
817,全家便利商店股份有限公司-豐原綠山店,04-22958388,420臺中市豐原區北陽里南陽路６０號一樓
818,全家便利商店股份有限公司-臺中風華店,04-22586158,408臺中市南屯區南屯里河南路四段６９２號一樓
819,全家便利商店股份有限公司-大肚旺田店,04-22586158,432臺中市大肚區社腳村沙田路一段８６８號１樓
820,全家便利商店股份有限公司-臺中德富店,04-22586158,402臺中市南區德富路７２號，７６號
821,全家便利商店股份有限公司-梧棲港埠店,04-22958388,435臺中市梧棲區港埠路二段１７號
822,全家便利商店股份有限公司-臺中南和店,04-22586158,402臺中市南區南和路１９７號
823,全家便利商店股份有限公司-霧峰錦峰店,04-22586158,413臺中市霧峰區吉峰路８５號
824,全家便利商店股份有限公司-臺中大英店,04-22586158,408臺中市南屯區溝墘里大業路２７１號一樓
825,全家便利商店股份有限公司-臺中福瑞店,04-22958388,407臺中市西屯區福瑞里福瑞街１１８號、１２０號一樓
826,全家便利商店股份有限公司-沙鹿光華店,04-22958388,433臺中市沙鹿區光華路３１９號
827,全家便利商店股份有限公司-清水高美店,04-22958388,436臺中市清水區高美里高美路５６０號１樓
828,全家便利商店股份有限公司-大里東芳店,04-22586158,412臺中市大里區東湖里東南路１４２之６號１樓
829,全家便利商店股份有限公司-豐原車站店,04-22958388,420臺中市豐原區三民路３８號
830,全家便利商店股份有限公司-臺中華園店,04-22958388,400臺中市中區大誠里中華路二段１０號１樓
831,全家便利商店股份有限公司-臺中健興店,04-22958388,404臺中市北區健行里健行路７８６號一樓
832,全家便利商店股份有限公司-臺中東二店,04-22586158,408臺中市南屯區東興路二段６２，６６號
833,全家便利商店股份有限公司-臺中向心店,04-22586158,408臺中市南屯區田心里文心路一段９３號一樓
834,全家便利商店股份有限公司-臺中東英店,04-22958388,401臺中市東區東信里旱溪東路一段３００號、３０１號１樓
835,全家便利商店股份有限公司-臺中國際店,04-22586158,402臺中市南區和平里忠明南路７５８號１樓
836,全家便利商店股份有限公司-大甲水源店,04-22958388,437臺中市大甲區水源路４５０號
837,全家便利商店股份有限公司-臺中熱河店,04-22958388,406臺中市北屯區平心里熱河路二段１６４號、１６６號１樓
838,全家便利商店股份有限公司-臺中福鄰店,04-22958388,407臺中市西屯區永安里西屯路三段１６６之２５號１樓
839,全家便利商店股份有限公司-太平國醫店,04-22586158,411臺中市太平區中山里中山路二段３３７號１樓
840,全家便利商店股份有限公司-臺中墩心店,04-22586158,408臺中市南屯區同心里大墩路２４３號大墩六街１８７號１
841,全家便利商店股份有限公司-豐原互助店,04-22958388,420臺中市豐原區三村里西勢路４１１號１樓
842,全家便利商店股份有限公司-臺中興中店,04-22958388,400臺中市中區公園路６１，６３，６５號，興中街１１７號
843,全家便利商店股份有限公司-臺中學友店,04-22958388,404臺中市北區三民路三段２１５號
844,全家便利商店股份有限公司-臺中力行店,04-22958388,401臺中市東區力行路２１２號１樓
845,全家便利商店股份有限公司-臺中興大店,04-22586158,402臺中市南區積善里學府路５１號，５３號
846,全家便利商店股份有限公司-臺中大業店,04-22586158,408臺中市南屯區大業路１８４號
847,全家便利商店股份有限公司-龍井藝術店,04-22586158,434臺中市龍井區東海村１０鄰藝術街９２號１樓
848,全家便利商店股份有限公司-臺中天保店,04-22586158,407臺中市西屯區福和里中工三路２１４之１號１樓
849,全家便利商店股份有限公司-太平精美店,04-22586158,411臺中市太平區精美路２號
850,全家便利商店股份有限公司-臺中仁美店,04-22958388,406臺中市北屯區仁美里昌平東二路１７９號１樓
851,全家便利商店股份有限公司-石岡登峰店,04-22958388,422臺中市石岡區明德路１７９號１樓
852,全家便利商店股份有限公司-臺中大昇店,04-22958388,407臺中市西屯區中康街１４１，１４３號１樓
853,全家便利商店股份有限公司-臺中京華店,04-22958388,403臺中市西區西屯路一段１５６號
854,全家便利商店股份有限公司-外埔皇后店,04-22958388,438臺中市外埔區大同村六分路２３７號１樓
855,全家便利商店股份有限公司-臺中公園店,04-22958388,400臺中市中區公園路２１，２１號之一樓及地下室
856,全家便利商店股份有限公司-沙鹿鎮平店,04-22958388,433臺中市沙鹿區鎮南路二段９５號１樓
857,全家便利商店股份有限公司-臺中醫院店,04-22958388,400臺中市中區三民路二段１號１Ｆ
858,全家便利商店股份有限公司-臺中四平店,04-22958388,406臺中市北屯區四平路３５之６號
859,全家便利商店股份有限公司-太平永平店,04-22586158,411臺中市太平區永平路一段６５號１樓
860,全家便利商店股份有限公司-臺中尚美店,04-22958388,403臺中市西區向上北路１９２號．１９４號１樓
861,全家便利商店股份有限公司-臺中富臺店,04-22958388,401臺中市東區富臺里富臺街６２號一樓
862,全家便利商店股份有限公司-臺中興安店,04-22958388,406臺中市北屯區大連路三段１３７號１Ｆ
863,全家便利商店股份有限公司-臺中建功店,04-22586158,408臺中市南屯區建功路１０７之３８號１０７之３９號１樓
864,全家便利商店股份有限公司-大里大益店,04-22586158,412臺中市大里區大里路３８之１１號
865,全家便利商店股份有限公司-東勢客進店,04-22958388,423臺中市東勢區中正路１號
866,全家便利商店股份有限公司-臺中朝富店,04-22586158,407臺中市西屯區朝富路１７６號
867,全家便利商店股份有限公司-臺中福科店,04-22958388,407臺中市西屯區西屯路三段１５９之８０號
868,全家便利商店股份有限公司-大肚大展店,04-22586158,432臺中市大肚區頂街村沙田路二段６８６號一樓
869,全家便利商店股份有限公司-臺中黎明店,04-22586158,408臺中市南屯區三厝里黎明路二段４０６號
870,全家便利商店股份有限公司-臺中大鼎店,04-22586158,408臺中市南屯區大墩南路３３２號一樓
871,全家便利商店股份有限公司-臺中傑盛店,04-22586158,408臺中市南屯區大墩１１街３７２號
872,全家便利商店股份有限公司-后里瑞晶店,04-22958388,421臺中市后里區三豐路４２９－１號
873,全家便利商店股份有限公司-臺中福和店,04-22586158,407臺中市西屯區工業三十八路３號
874,全家便利商店股份有限公司-太平凱悅店,04-22586158,411臺中市太平區中平九街６２＆６６號
875,全家便利商店股份有限公司-太平永豐店,04-22586158,411臺中市太平區永豐路８３號１樓
876,全家便利商店股份有限公司-烏日成功店,04-22586158,414臺中市烏日區中山路三段２４２號
877,全家便利商店股份有限公司-太平橋頭店,04-22586158,411臺中市太平區東平路１３２號
878,全家便利商店股份有限公司-臺中館東店,04-22958388,404臺中市北區博館東街４８號１樓
879,全家便利商店股份有限公司-臺中至尊店,04-22958388,407臺中市西屯區西屯路二段２６８－１２，１３號
880,全家便利商店股份有限公司-新社中和店,04-22958388,426臺中市新社區中和街五段３１號一樓及二樓部分
881,全家便利商店股份有限公司-大里益民店,04-22586158,412臺中市大里區新里里益民路二段１７３號１樓
882,全家便利商店股份有限公司-臺中崇德店,04-22958388,406臺中市北屯區崇德路二段３５１號
883,全家便利商店股份有限公司-沙鹿正德店,04-22958388,433臺中市沙鹿區屏西路９８號
884,全家便利商店股份有限公司-臺中至真店,04-22958388,407臺中市西屯區至善路２３６號、２３８號、２３４巷１號
885,全家便利商店股份有限公司-臺中經典店,04-22958388,403臺中市西區三民路一段４８之４號
886,全家便利商店股份有限公司-臺中忠勇店,04-22586158,408臺中市南屯區文山里忠勇路７０之８號
887,全家便利商店股份有限公司-臺中嶺南店,04-22586158,408臺中市南屯區五權西路三段１７９號
888,全家便利商店股份有限公司-臺中金獅店,04-22586158,402臺中市南區東興路一段１６號
889,全家便利商店股份有限公司-臺中北屯店,04-22958388,404臺中市北區北屯路４５號
890,全家便利商店股份有限公司-臺中遼寧店,04-22958388,406臺中市北屯區遼寧路一段１５８號
891,全家便利商店股份有限公司-臺中朝馬店,04-22958388,407臺中市西屯區臺中港路二段１２６之７號
892,全家便利商店股份有限公司-臺中師院店,04-22958388,403臺中市西區民權路１８９號
893,全家便利商店股份有限公司-大肚高山店,04-22586158,432臺中市大肚區大德三街３８號
894,全家便利商店股份有限公司-臺中昌平店,04-22958388,406臺中市北屯區昌平路二段５之１號
895,全家便利商店股份有限公司-臺中太原店,04-22958388,406臺中市北屯區太原路三段１４１號１樓
896,全家便利商店股份有限公司-梧棲中和店,04-22958388,435臺中市梧棲區中和街１號１樓
897,全家便利商店股份有限公司-臺中世貿店,04-22586158,407臺中市西屯區朝富路１８－５號
898,全家便利商店股份有限公司-太平永益店,04-22586158,411臺中市太平區長億六街５３—２７號
899,全家便利商店股份有限公司-臺中篤行店,04-22958388,404臺中市北區篤行路１８８號
900,全家便利商店股份有限公司-潭子頭家店,04-22958388,427臺中市潭子區頭家村頭張路２段１１２號
901,全家便利商店股份有限公司-大里大金店,04-22586158,412臺中市大里區長春路７８巷５０號
902,全家便利商店股份有限公司-臺中五福店,04-22586158,408臺中市南屯區五權西路二段２號一樓
903,全家便利商店股份有限公司-臺中東園店,04-22958388,401臺中市東區東光園路５３６號
904,全家便利商店股份有限公司-大雅楓林店,04-22958388,428臺中市大雅區民生路三段４５８號
905,全家便利商店股份有限公司-大里爽文店,04-22586158,412臺中市大里區爽文路８７０－１號
906,全家便利商店股份有限公司-大肚遊園店,04-22586158,432臺中市大肚區遊園路一段２１３號１樓
907,全家便利商店股份有限公司-大里美群店,04-22586158,412臺中市大里區瑞城里塗城路３８７、３８９號１樓
908,全家便利商店股份有限公司-豐原豐富店,04-22958388,420臺中市豐原區水源路４５０－１號
909,全家便利商店股份有限公司-臺中市府店,04-22958388,400臺中市中區市府路６３號
910,全家便利商店股份有限公司-大里捷勝店,04-22586158,412臺中市大里區大明路５１７號１樓
911,全家便利商店股份有限公司-沙鹿鎮南店,04-22958388,433臺中市沙鹿區北勢里鎮南路二段２６８號１樓
912,全家便利商店股份有限公司-霧峰吉峰店,04-22586158,413臺中市霧峰區民生路３５３號
913,全家便利商店股份有限公司-后里中興店,04-22958388,421臺中市后里區義德村甲后路２６５號一樓
914,全家便利商店股份有限公司-臺中漢口店,04-22958388,404臺中市北區賴厝里漢口路四段５６，５８，６０號１樓
915,全家便利商店股份有限公司-臺中精誠店,04-22958388,403臺中市西區大業路１號
916,全家便利商店股份有限公司-潭子大豐店,04-22958388,427臺中市潭子區大豐村大豐路三段１３６號
917,全家便利商店股份有限公司-臺中車頭店,04-22958388,400臺中市中區中山里建國路１７４號
918,全家便利商店股份有限公司-臺中大衛店,04-22958388,404臺中市北區進化北路３６７之７號，之８號，之９號
919,全家便利商店股份有限公司-臺中田心店,04-22586158,408臺中市南屯區大墩六街２６１號
920,全家便利商店股份有限公司-臺中崇倫店,04-22586158,臺中市南屯路一段２７３號
921,全家便利商店股份有限公司-臺中崇大店,04-22958388,406臺中市北屯區崇德路二段２７６號
922,全家便利商店股份有限公司-東勢豐勢店,04-22958388,423臺中市東勢區豐勢路４８２，４８４號１，２，３樓
923,全家便利商店股份有限公司-太平豐年店,04-22586158,411臺中市太平區大源路５０號．５２號
924,全家便利商店股份有限公司-大里工業店,04-22586158,412臺中市大里區工業路９６號
925,全家便利商店股份有限公司-臺中文華店,04-22958388,407臺中市西屯區文華路３之３號
926,全家便利商店股份有限公司-沙鹿東家店,04-22958388,433臺中市沙鹿區北勢東路４１１－２號
927,全家便利商店股份有限公司-臺中狀元店,04-22958388,400臺中市中區綠川里中山路１９號２１號１樓
928,全家便利商店股份有限公司-霧峰亞洲店,04-22586158,413臺中市霧峰區柳豐路４６６．４６８號
929,全家便利商店股份有限公司-臺中睿景店,04-22958388,406臺中市北屯區太原路三段８４９號
930,全家便利商店股份有限公司-臺中嶺東店,04-22586158,408臺中市南屯區春社里永春南路１２５號
931,全家便利商店股份有限公司-臺中漢武店,04-22958388,407臺中市西屯區漢口路二段１２６號１樓
932,全家便利商店股份有限公司-臺中大忠店,04-22958388,403臺中市西區向上南路１２９號
933,全家便利商店股份有限公司-霧峰五福店,04-22586158,413臺中市霧峰區六股路２９２號
934,全家便利商店股份有限公司-烏日明道店,04-22586158,414臺中市烏日區信義街１４９號，１４９之１號
935,全家便利商店股份有限公司-大安全盈店,04-22958388,439臺中市大安區中山南路３３４號１樓
936,全家便利商店股份有限公司-沙鹿飛航店,04-22958388,433臺中市沙鹿區中清路４３之５２．５３．５５．５６號
937,全家便利商店股份有限公司-臺中東山店,04-22958388,406臺中市北屯區東光里東山路一段３５號
938,全家便利商店股份有限公司-太平新平店,04-22586158,411臺中市太平區新平路三段３４７號
939,全家便利商店股份有限公司-大里天下店,04-22586158,412臺中市大里區新仁路一段２１７巷６１號，６３號
940,全家便利商店股份有限公司-臺中四維店,04-22958388,403臺中市西區三民路一段１７２—５、１７２—６號
941,全家便利商店股份有限公司-臺中向上店,04-22958388,403臺中市西區向上路一段３６號
942,全家便利商店股份有限公司-神岡工業店,04-22958388,429臺中市神岡區北庄里中山路１１２０之２號１１２０之３
943,全家便利商店股份有限公司-臺中繼成店,04-22958388,400臺中市中區成功路１０６號，１０８號一樓
944,全家便利商店股份有限公司-臺中逢大店,04-22958388,407臺中市西屯區文華路１０２號西安街２２７號
945,全家便利商店股份有限公司-臺中惠安店,04-22958388,407臺中市西屯區何德里甘肅路一段１８號１樓
946,全家便利商店股份有限公司-臺中建成店,04-22586158,402臺中市南區建成路１６２９、１６３１、１６３３號１樓
947,全家便利商店股份有限公司-臺中大富店,04-22586158,407臺中市西屯區朝富路６２號，６６號１樓
948,全家便利商店股份有限公司-臺中上雅店,04-22958388,407臺中市西屯區環中路一段１８５０號
949,全家便利商店股份有限公司-臺中世貿二店,04-22586158,407臺中市西屯區朝富路１６號．１８號
950,全家便利商店股份有限公司-臺中惠中店,04-22586158,408臺中市南屯區惠中路三段４６號、４８號
951,全家便利商店股份有限公司-神岡大漢店,04-22958388,429臺中市神岡區大漢街７２號
952,全家便利商店股份有限公司-烏日九德店,04-22586158,414臺中市烏日區中華路３５３號壹樓．３５５號
953,全家便利商店股份有限公司-太平宜欣店,04-22586158,411臺中市太平區新平路二段１７５號
954,全家便利商店股份有限公司-沙鹿沙田店,04-22958388,433臺中市沙鹿區沙田路１０１號
955,全家便利商店股份有限公司-臺中西屯店,04-22958388,臺中市西屯路二段９０之２２，２３號
956,全家便利商店股份有限公司-臺中惠盛店,04-22586158,408臺中市南屯區河南路四段４４８號
957,全家便利商店股份有限公司-大里新生店,04-22586158,412臺中市大里區現岱路１８７號．１８９號１樓
958,全家便利商店股份有限公司-龍井茄投店,04-22586158,434臺中市龍井區茄投路６７之１號
959,全家便利商店股份有限公司-沙鹿天仁店,04-22958388,433臺中市沙鹿區沙田路１７號之２４
960,全家便利商店股份有限公司-烏日溪南店,04-22586158,414臺中市烏日區溪埧村溪南路一段６０７號１樓
961,全家便利商店股份有限公司-臺中署醫店,04-22958388,403臺中市西區三民路一段１９９號
962,全家便利商店股份有限公司-東勢勢林店,04-22958388,423臺中市東勢區勢林街２３０號
963,全家便利商店股份有限公司-大里大明店,04-22586158,412臺中市大里區大明路１６８號１樓
964,全家便利商店股份有限公司-梧棲自強店,04-22958388,435臺中市梧棲區自強一街１３２號．１３４號
965,全家便利商店股份有限公司-烏日成嶺店,04-22586158,414臺中市烏日區學田路７１９號
966,全家便利商店股份有限公司-臺中東義店,04-22958388,404臺中市北區文心路四段１９０之８號
967,全家便利商店股份有限公司-臺中日新店,04-22958388,400臺中市中區中華路一段１０９號
968,全家便利商店股份有限公司-臺中高雅店,04-22958388,404臺中市北區大雅路４６６號．４６８號１樓
969,全家便利商店股份有限公司-大雅上楓店,04-22958388,428臺中市大雅區民生路四段１５１號一樓
970,全家便利商店股份有限公司-大里永興店,04-22586158,412臺中市大里區中興路二段１５６號
971,全家便利商店股份有限公司-臺中金春店,04-22586158,408臺中市南屯區永春南路６１巷１６號．１８號
972,全家便利商店股份有限公司-太平新甲店,04-22586158,411臺中市太平區新仁路一段４２號，４４巷２號
973,全家便利商店股份有限公司-太平育賢店,04-22586158,411臺中市太平區育賢路１５６號．１５８號
974,全家便利商店股份有限公司-太平中華店,04-22586158,411臺中市太平區中山路二段４４１號
975,全家便利商店股份有限公司-臺中福樂店,04-22958388,407臺中市西屯區永福路１３６號１樓
976,全家便利商店股份有限公司-豐原水源店,04-22958388,420臺中市豐原區水源路中坑巷２３號
977,全家便利商店股份有限公司-東勢東豐店,04-22958388,423臺中市東勢區豐勢路２１５號．２１７號１樓
978,全家便利商店股份有限公司-臺中北新店,04-22958388,406臺中市北屯區北屯路２８８號，２８８之１號
979,全家便利商店股份有限公司-太平東村店,04-22586158,411臺中市太平區東平里１３鄰東村３街６號
980,全家便利商店股份有限公司-大雅清泉店,04-22958388,428臺中市大雅區中清路四段３３１之２號
981,全家便利商店股份有限公司-臺中金美店,04-22586158,408臺中市南屯區永定里１４鄰南屯路二段８７２號
982,全家便利商店股份有限公司-臺中成功店,04-22958388,400臺中市中區成功路６６號
983,全家便利商店股份有限公司-臺中天助店,04-22586158,408臺中市南屯區向上路二段４３３號
984,全家便利商店股份有限公司-臺中大慶店,04-22586158,402臺中市南區建國北路一段１０６號
985,全家便利商店股份有限公司-臺中自二店,04-22958388,400臺中市中區自由路二段１０７號
986,全家便利商店股份有限公司-臺中樹義店,04-22586158,402臺中市南區樹義五巷９６號１樓
987,全家便利商店股份有限公司-梧棲文華店,04-22958388,435臺中市梧棲區文華街１９４巷１號，３號
988,全家便利商店股份有限公司-豐原社皮店,04-22958388,420臺中市豐原區三角路８１號１樓
989,全家便利商店股份有限公司-臺中北德店,04-22958388,404臺中市北區平德里崇德路二段６７號１樓
990,全家便利商店股份有限公司-梧棲大庄店,04-22958388,435臺中市梧棲區中棲路一段５０６號
991,全家便利商店股份有限公司-沙鹿靜宜店,04-22958388,433臺中市沙鹿區中棲路２００號－至善樓
992,全家便利商店股份有限公司-臺中興美店,04-22586158,402臺中市南區復興路二段９９巷１８號
993,全家便利商店股份有限公司-臺中榮總店,04-22958388,407臺中市西屯區臺中港路三段１６０號．第一醫療大樓１樓
994,全家便利商店股份有限公司-臺中敦化店,04-22958388,406臺中市北屯區敦化路３７０．３７２號
995,全家便利商店股份有限公司-大雅雅環店,04-22958388,428臺中市大雅區大雅村２９鄰雅環路二段１，３號１樓
996,全家便利商店股份有限公司-大里振坤店,04-22586158,412臺中市大里區仁化路４５５號
997,全家便利商店股份有限公司-大雅永和店,04-22958388,428臺中市大雅區永和路８９號１樓
998,全家便利商店股份有限公司-清水中山店,04-22958388,436臺中市清水區清水里中山路１１０號
999,全家便利商店股份有限公司-龍井海大店,04-22586158,434臺中市龍井區新興路東興巷４８號．５０號
1000,全家便利商店股份有限公司-和平谷關店,04-22958388,424臺中市和平區東關路一段１２７－５號
1001,全家便利商店股份有限公司-臺中至善店,04-22958388,407臺中市西屯區至善路１０５號
1002,全家便利商店股份有限公司-大甲巨大店,04-22958388,437臺中市大甲區順帆路１號、３號
1003,全家便利商店股份有限公司-太平建興店,04-22586158,411臺中市太平區建興路２６６，２６８號
1004,全家便利商店股份有限公司-潭子大茂店,04-22958388,427臺中市潭子區雅潭路二段１９０巷３２號１樓
1005,全家便利商店股份有限公司-后里旺安店,04-22958388,421臺中市后里區中和村公安路１０５號一樓
1006,全家便利商店股份有限公司-太平再福店,04-22586158,411臺中市太平區振福路４２７號．４２９號．４３１號
1007,全家便利商店股份有限公司-臺中大吉店,04-22958388,406臺中市北屯區大連路一段１５１號
1008,全家便利商店股份有限公司-臺中福田店,04-22586158,402臺中市南區福田路１５號１樓
1009,全家便利商店股份有限公司-龍井沙田店,04-22586158,434臺中市龍井區沙田路六段１８７號
1010,全家便利商店股份有限公司-臺中中興店,04-22586158,402臺中市南區國光路２５０號社管大樓１樓（１１０室）
1011,全家便利商店股份有限公司-臺中林新店,04-22586158,408臺中市南屯區惠中路三段３６號Ｂ棟１Ｆ商店２店面
1012,全家便利商店股份有限公司-大里金城店,04-22586158,412臺中市大里區塗城路５３７號
1013,全家便利商店股份有限公司-臺中中泰店,04-22958388,406臺中市北屯區中清路９９之６１、９９之６６號１樓
1014,全家便利商店股份有限公司-烏日成功嶺店,04-22586158,414臺中市烏日區中山路三段５０２號
1015,全家便利商店股份有限公司-烏日成功二店,04-22586158,414臺中市烏日區中山路三段５０２號（９０４旅）
1016,全家便利商店股份有限公司-臺中廣三店,04-22958388,403臺中市西區中美街４６１號１Ｆ
1017,全家便利商店股份有限公司-龍井學園店,04-22586158,434臺中市龍井區遊園南路２９７號
1018,全家便利商店股份有限公司-臺中工三店,04-22586158,407臺中市西屯區中工三路７５號
1019,全家便利商店股份有限公司-臺中福甲店,04-22958388,407臺中市西屯區逢甲路２０巷２４號
1020,全家便利商店股份有限公司-臺中福大店,04-22958388,407臺中市西屯區文華路２００號一樓
1021,全家便利商店股份有限公司-大里新城店,04-22586158,412臺中市大里區塗城路２９１號
1022,全家便利商店股份有限公司-臺中福揚店,04-22586158,407臺中市西屯區大墩十九街１８８號
1023,全家便利商店股份有限公司-臺中福多店,04-22958388,404臺中市北區陜西路６３號
1024,全家便利商店股份有限公司-臺中福美店,04-22958388,407臺中市西屯區西安街９１號，西屯區烈美街１７１號１樓
1025,全家便利商店股份有限公司-龍井文勝店,04-22586158,434臺中市龍井區臺中港路東園巷一弄３８之１號
1026,全家便利商店股份有限公司-龍井龍后店,04-22586158,434臺中市龍井區新興路２１號１樓
1027,全家便利商店股份有限公司-龍井東海店,04-22586158,434臺中市龍井區臺中港路東園巷一弄９號
1028,全家便利商店股份有限公司-臺中樂活店,04-22586158,407臺中市西屯區大墩１９街１８號１樓
1029,全家便利商店股份有限公司-大肚瑞功店,04-22586158,432臺中市大肚區遊園路一段６９－１號
1030,全家便利商店股份有限公司-臺中建民店,04-22958388,400臺中市中區民族路９號．１１號
1031,全家便利商店股份有限公司-大里永勝店,04-22586158,412臺中市大里區永隆里大明路４６９號一樓
1032,全家便利商店股份有限公司-臺中鼎豐店,04-22586158,408臺中市南屯區豊樂里永春東一路７１９號一樓
1033,全家便利商店股份有限公司-臺中東興店,04-22586158,408臺中市南屯區東興路二段２８１，２８３號１樓
1034,全家便利商店股份有限公司-太平光興店,04-22586158,411臺中市太平區光興路１０７２號
1035,富貴輪輪業有限公司,04-22417949,406臺中市北屯區昌平路二段9之13號
1036,全家便利商店股份有限公司-大甲鐵山店,04-22958388,437臺中市大甲區中山路一段１５４９號
1037,全家便利商店股份有限公司-臺中福滿店,04-22958388,407臺中市西屯區福星路３０１號
1038,全家便利商店股份有限公司-后里瑞晶附店,04-22958388,421臺中市后里區三豐路４２９－１號
1039,廣昌電器行,04-26914957,432臺中市大肚區遊園路2段106號
1040,昭強電器有限公司,04-26563333,435臺中市梧棲區435臺中市梧棲區中興路320號
1041,草湖機車行,04-24952350,412臺中市大里區東湖里中興路一段153號
1042,泰勝水電衛生材料有限公司,04-24952350,412臺中市大里區東湖里中興路一段5號
1043,建利機車行,04-22784369,411臺中市太平區太平路628號
1044,永盛車業有限公司,04-23715940,403臺中市西區美村路一段731號
1045,萊爾富國際股份有限公司-台中同榮店,02-24251417,406臺中市北屯區同榮路151.153號
1046,萊爾富國際股份有限公司-台中太平店,02-66068688分機356,404臺中市北區太平路72號
1047,萊爾富國際股份有限公司-豐原豐民店,02-66068688分機356,420臺中市豐原區三民路86號
1048,萊爾富國際股份有限公司-大里東榮店,04-24815907,412臺中市大里區東榮路358號
1049,萊爾富國際股份有限公司-豐原豐商店,02-66068688分機356,420臺中市豐原區中山路418號
1050,萊爾富國際股份有限公司-台中忠誠店,02-66068688分機356,"403臺中市西區忠誠街103,105號"
1051,萊爾富國際股份有限公司-中縣靜宜店,02-66068688分機356,433臺中市沙鹿區中棲路54號
1052,萊爾富國際股份有限公司-中縣中華店,04-26276912,"436臺中市清水區中華路405,407號"
1053,萊爾富國際股份有限公司-豐原成功店,02-66068688分機356,"420臺中市豐原區成功路148,150號"
1054,萊爾富國際股份有限公司-中縣中山店,02-66068688分機356,"433臺中市沙鹿區中山路294,296號"
1055,萊爾富國際股份有限公司-台中永興二店,02-66068688分機356,"404臺中市北區永興街281,283號"
1056,萊爾富國際股份有限公司-豐原豐南店,02-66068688分機356,420臺中市豐原區豐南街88號
1057,萊爾富國際股份有限公司-台中忠孝店,02-66068688分機356,402臺中市南區忠孝路150號
1058,萊爾富國際股份有限公司-台中世貿店,02-66068688分機356,407臺中市西屯區中工二路212號
1059,萊爾富國際股份有限公司-大里中興店,02-66068688分機356,"412臺中市大里區中興路一段187,189,191號"
1060,萊爾富國際股份有限公司-台中大墩店,02-66068688分機356,407臺中市西屯區大墩二十街51號
1061,萊爾富國際股份有限公司-台中文華店,02-66068688分機356,"407臺中市西屯區寧夏路221,223號"
1062,萊爾富國際股份有限公司-台中十甲東店,02-66068688分機356,"401臺中市東區十甲路442號,十甲東路665號"
1063,萊爾富國際股份有限公司-台中美村南店,02-66068688分機356,"402臺中市南區美村南路261,263號"
1064,萊爾富國際股份有限公司-中縣大智店,02-66068688分機356,435臺中市梧棲區大智路二段253號
1065,萊爾富國際股份有限公司-台中東山二店,02-66068688分機356,"406臺中市北屯區東山路一段146,146之1號"
1066,萊爾富國際股份有限公司-台中五權西店,02-66068688分機356,"408臺中市南屯區五權西路二段883,885號"
1067,萊爾富國際股份有限公司-台中復興店,02-66068688分機356,402臺中市南區復興路二段177之1號
1068,萊爾富國際股份有限公司-台中大恩店,02-66068688分機356,407臺中市西屯區大墩18街112號
1069,萊爾富國際股份有限公司-太平新福店,02-66068688分機356,411臺中市太平區中山路四段135-137號
1070,萊爾富國際股份有限公司-中縣大甲店,02-66068688分機356,437臺中市大甲區經國路407號
1071,萊爾富國際股份有限公司-台中逢甲店,02-66068688分機356,407臺中市西屯區逢甲路2號
1072,萊爾富國際股份有限公司-台中黎明店,02-66068688分機356,408臺中市南屯區黎明路一段129號
1073,萊爾富國際股份有限公司-中縣豐洲店,02-66068688分機356,429臺中市神岡區大洲路2-3號
1074,萊爾富國際股份有限公司-台中一中店,02-66068688分機356,404臺中市北區太平路22號
1075,萊爾富國際股份有限公司-中市中雙店,02-66068688分機356,400臺中市中區雙十路一段35號
1076,萊爾富國際股份有限公司-台中中清店,02-66068688分機356,406臺中市北屯區中清路110-2號
1077,萊爾富國際股份有限公司-中縣明道店,02-66068688分機356,414臺中市烏日區中山路一段497號(明道中學)
1078,萊爾富國際股份有限公司-豐原辰光店,02-66068688分機356,420臺中市豐原區安康路100號(署立豐原醫院)
1079,萊爾富國際股份有限公司-台中中工店,02-66068688分機356,408臺中市南屯區五權西路三段350號
1080,萊爾富國際股份有限公司-中縣中德店,02-66068688分機356,413臺中市霧峰區四德路576號1樓
1081,萊爾富國際股份有限公司-太平中業店,02-66068688分機356,411臺中市太平區鵬儀路296巷1號
1082,萊爾富國際股份有限公司-中縣中幼店,02-66068688分機356,437臺中市大甲區中山路二段584-5號1.2樓
1083,萊爾富國際股份有限公司-台中中大店,02-66068688分機356,402臺中市南區興大路300號1樓
1084,萊爾富國際股份有限公司-中縣中獅店,02-66068688分機356,437臺中市大甲區經國路1932號
1085,萊爾富國際股份有限公司-大里中愛店,02-66068688分機356,臺中市大里巿東榮路488號
1086,萊爾富國際股份有限公司-台中中河店,02-66068688分機356,407臺中市西屯區逢大路15號
1087,萊爾富國際股份有限公司-中縣中佳店,02-66068688分機356,414臺中市烏日區中山路一段218號
1088,萊爾富國際股份有限公司-中縣中燕店,02-66068688分機356,436臺中市清水區民族路二段368號
1089,萊爾富國際股份有限公司-台中中集店,02-66068688分機356,407臺中市西屯區福林里10鄰福科路541號1樓
1090,萊爾富國際股份有限公司-中縣中寶店,02-66068688分機356,437臺中市大甲區幼獅路1號
1091,萊爾富國際股份有限公司-中縣中神店,02-66068688分機356,429臺中市神岡區中山路1590號
1092,萊爾富國際股份有限公司-中縣中溪店,02-66068688分機356,414臺中市烏日區溪壩村環中路八段162號
1093,萊爾富國際股份有限公司-中縣中王店,02-66068688分機356,414臺中市烏日區中山路三段584.582號
1094,萊爾富國際股份有限公司-大里中爽店,02-66068688分機356,412臺中市大里區爽文路306號1樓
1095,萊爾富國際股份有限公司-太平中光店,02-66068688分機356,411臺中市太平區光興路2288號1樓
1096,萊爾富國際股份有限公司-台中中豐店,02-66068688分機356,408臺中市南屯區文心南五路327.329號
1097,萊爾富國際股份有限公司-中縣中連店,02-66068688分機356,414臺中市烏日區螺潭村四鄰太明北路2號
1098,萊爾富國際股份有限公司-台中中都店,02-66068688分機356,407臺中市西屯區西屯路三段 173-25 號
1099,萊爾富國際股份有限公司-中縣中棲店,02-66068688分機356,435臺中市梧棲區中棲路一段398號
1100,萊爾富國際股份有限公司-中縣中宜店,02-66068688分機356,433臺中市沙鹿區北勢東路557號1樓
1101,萊爾富國際股份有限公司-台中逢大店,02-66068688分機356,407臺中市西屯區文華路100號育樂館(逢甲大學)
1102,萊爾富國際股份有限公司-台中中鑽店,02-66068688分機356,408臺中市南屯區工學路169號
1103,萊爾富國際股份有限公司-中縣中武店,02-66068688分機356,414臺中市烏日區五光村3鄰五光路178號
1104,萊爾富國際股份有限公司-中縣中炫店,02-66068688分機356,435臺中市梧棲區中央路一段625號1樓
1105,萊爾富國際股份有限公司-台中中友店,02-66068688分機356,404臺中市北區大雅路616號
1106,萊爾富國際股份有限公司-台中中居店,02-66068688分機356,408臺中市南屯區黎明路二段606巷45號
1107,萊爾富國際股份有限公司-太平中銓店,02-66068688分機356,411臺中市太平區樹孝路63.65號1樓
1108,萊爾富國際股份有限公司-台中中慶店,02-66068688分機356,402臺中市南區大慶街二段27號1樓
1109,萊爾富國際股份有限公司-中縣中科店,02-66068688分機356,428臺中市大雅區橫山村永和路11-18號
1110,萊爾富國際股份有限公司-台中中堂店,02-66068688分機356,403臺中市西區民生路109.111號
1111,萊爾富國際股份有限公司-中縣中潭店,02-66068688分機356,428臺中市大雅區雅潭路182號
1112,萊爾富國際股份有限公司-中縣中勇店,02-66068688分機356,428臺中市大雅區平和路83號
1113,萊爾富國際股份有限公司-中縣中鎮店,02-66068688分機356,433臺中市沙鹿區鎮南路二段2號1樓
1114,萊爾富國際股份有限公司-中縣中雅店,02-66068688分機356,428臺中市大雅區中清路一段195-8號
1115,萊爾富國際股份有限公司-中縣中秋店,02-66068688分機356,432臺中市大肚區自由路212-9號
1116,萊爾富國際股份有限公司-台中中文店,02-66068688分機356,402臺中市南區文心南路821號
1117,萊爾富國際股份有限公司-台中中園店,02-66068688分機356,407臺中市西屯區福雅路331號
1118,萊爾富國際股份有限公司-大里立人店,02-66068688分機356,412臺中市大里區中興路二段380號B1(私立立人高中)
1119,萊爾富國際股份有限公司-台中中萊店,02-66068688分機356,407臺中市西屯區中清路176-1、176-1-1號
1120,萊爾富國際股份有限公司-中縣中月店,02-66068688分機356,421臺中市后里區甲后路1049.1051號
1121,萊爾富國際股份有限公司-中縣常春藤店,02-66068688分機356,427臺中市潭子區潭興路一段165巷320號(私立常春藤高中)
1122,萊爾富國際股份有限公司-台中中軍店,02-66068688分機356,406臺中市北屯區軍功路二段130號
1123,萊爾富國際股份有限公司-太平華中店,02-66068688分機356,411臺中市太平區?仔坑26號(華盛頓中學內)
1124,萊爾富國際股份有限公司-中縣甲南店,02-66068688分機356,436臺中市清水區菁埔里中山路563號1.2樓
1125,萊爾富國際股份有限公司-台中中竹店,02-66068688分機356,406臺中市北屯區后庄路481號
1126,萊爾富國際股份有限公司-台中中昌店,02-66068688分機356,406臺中市北屯區昌平路二段199-2號
1127,萊爾富國際股份有限公司-中縣中航店,02-66068688分機356,433臺中市沙鹿區中清路44號
1128,萊爾富國際股份有限公司-中縣中分店,02-66068688分機356,414臺中市烏日區五光路700號
1129,萊爾富國際股份有限公司-台中中庭店,02-66068688分機356,404臺中市北區民權路470號
1130,萊爾富國際股份有限公司-中縣中冠店,02-66068688分機356,421臺中市后里區甲后路897號
1131,萊爾富國際股份有限公司-台中中屯店,02-66068688分機356,407臺中市西屯區文心路三段91號
1132,萊爾富國際股份有限公司-中縣神岡店,02-66068688分機356,429臺中市神岡區和睦路285號
1133,萊爾富國際股份有限公司-台中中御店,02-66068688分機356,408臺中市南屯區大墩路161號
1134,萊爾富國際股份有限公司-中縣雅環店,02-66068688分機356,428臺中市大雅區雅環路二段346、348號
1135,萊爾富國際股份有限公司-中縣清泉店,02-66068688分機356,428臺中市大雅區中清路四段600號(清泉崗空軍基地)
1136,萊爾富國際股份有限公司-中縣神大店,02-66068688分機356,429臺中市神岡區庄前村6鄰神林路88-6號
1137,萊爾富國際股份有限公司-太平宜昌店,02-66068688分機356,411臺中市太平區宜昌路302號
1138,萊爾富國際股份有限公司-中縣龍翔店,02-66068688分機356,426臺中市新社區復盛村11鄰興社街二段32之5號(陸軍航特部)
1139,萊爾富國際股份有限公司-太平光德店,02-66068688分機356,411臺中市太平區光德路379號
1140,萊爾富國際股份有限公司-豐原原成店,02-66068688分機356,420臺中市豐原區建成路115號
1141,萊爾富國際股份有限公司-太平永成店,02-66068688分機356,411臺中市太平區永豐路258號
1142,萊爾富國際股份有限公司-台中中宏店,02-66068688分機356,407臺中市西屯區西屯路三段158之50號
1143,萊爾富國際股份有限公司-中縣彈正店,02-66068688分機356,437臺中市大甲區彈正路1號
1144,萊爾富國際股份有限公司-大里竹子坑店,02-66068688分機356,412臺中市大里區仁化路2號
1145,萊爾富國際股份有限公司-台中才益店,02-66068688分機356,403臺中市西區英才路510號
1146,萊爾富國際股份有限公司-太平鑫國軍店,02-66068688分機356,411臺中市太平區中山路二段348號
1147,奕勝美股份有限公司,02-25066898,406台中市北屯區北屯路433號
1148,高速事業股份有限公司,02-25066898,408台中市南屯區向上路三段418號
1149,高速事業股份有限公司南台中分公司,02-25066898,414台中市烏日區中山路一段159號
1150,高速事業股份有限公司大里分公司,02-25066898,412臺中市大里區國光路一段77號
1151,群喜汽車事業股份有限公司,02-25066898,433台中市沙鹿區台灣大道七段922號
1152,群喜汽車事業股份有限公司西台中營業所,02-25066898,407台中市西屯區文心路3段151號
1153,景誠汽車股份有限公司台中分公司,02-25066898,401台中市東區振興路276號
1154,群喜汽車事業股份有限公司豐原營業所,02-25066898,420台中市豐原區翁子里豐勢路一段566號
1155,弘國機車行,04-23027315,403臺中市西區美村路一段385號1樓
1156,先輪機車商號,04-22342628,404臺中市北區三民路三段337號
1157,鴻毅電器行,04-24756188,408台中市南屯區南屯路二段345號
1158,宜定旺生活百貨有限公司龍井營業所,04-26523658,434臺中市龍井區遊園南路297之8號
1159,上立電器行,04-24062706,412臺中市大里區412臺中市大里區永隆里永隆路218號1樓
1160,岱億機車行,04-25320819,427臺中市潭子區中山路一段272號
1161,立交實業有限公司,04-25351067,427臺中市潭子區雅潭路一段99巷10號
1162,暉凡機車行,04-22630575,402臺中市南區大慶街2段1-7號
1163,懿宏機車有限公司,04-24854199,412臺中市大里區益民路一段209 號
1164,鴻鼎車行,04-22958551,406臺中市北屯區大連路一段29號
1165,社口電器行,04-25620709,429臺中市神岡區社口街515號
1166,明德輪業商行,04-26875618,437臺中市大甲區順天路44號
1167,銀河系資訊有限公司,04-23055988,403臺中市西區向上路一段30號7樓
1168,弘光摩爾書店(鴻林圖書),04-26520948,433臺中市沙鹿區中棲路34號L棟B2
1169,金鼎文具圖書行,04-24836300,412臺中市大里區西榮里益民路二段76號
1170,嘉慶車業有限公司,04-24069338,412臺中市大里區長興一街20號
1171,西德傢俱生活館,04-24622088,407臺中市西屯區西屯路三段291號
1172,萊德傢俱生活館,04-22540088,408臺中市南屯區文心路一段413號1樓
1173,原德傢俱生活館,04-25253338,420臺中市豐原區向陽路280號
1174,中德傢俱生活館,02-26002108,406臺中市北屯區環中路一段1032號
1175,里德傢俱生活館,02-26002108,412臺中市大里區德芳路2段118號
1176,全家台中金豹店,04-23128382,412臺中市大里區華城街74巷2-1號1樓
1177,立偉家電有限公司,04-25379852,427臺中市潭子區潭興路2段396號
1178,太子電業行,04-26233973,436臺中市清水區中華路408-5號
1179,偉達車業有限公司,04-24860003,412臺中市大里區中興路二段612號
1180,大翔書局,04-24951567,412臺中市大里區仁德里至善路155號
1181,隨傳資訊有限公司,04-23305605,413臺中市霧峰區民生路393-22號
1182,圓方圓文具有限公司,04-24919091,412臺中市大里區仁德里成功二路53號1樓
1183,吉豐農藥行,04-24934022,412臺中市大里區塗城路113號
1184,松岳車業有限公司,04-24925080,412臺中市大里區塗城里塗城路491號
1185,三羽建材股份有限公司,04-24264547,406臺中市北屯區后庄路99號
1186,大買家股份有限公分台中北屯分公司,04-22429277#5105,406臺中市北屯區北屯路370號
1187,大買家股份有限公司大里國光分公司,04-24810456#4502,412臺中市大里區國光路一段710號
1188,海蔦輪業有限公司,04-22310822,406臺中市北屯區北屯路236-6號
1189,洽億企業有限公司,04-26313623,433臺中市沙鹿區北勢東路689巷1號
1190,巨利行,04-26623166,433臺中市沙鹿區文昌街140號
1191,順崇實業股份有限公司,04-26362438,433臺中市沙鹿區福興里福成路50號
1192,速可達車業行中科店,04-24629368,407臺中市西屯區福科路899號
1193,速可達車業股份有限公司,04-27083448,407臺中市西屯區西屯路二段269之46號
1194,升昱有限公司,04-22548868,408臺中市南屯區河南路四段224號
1195,大同綜合訊電股份有限公司-大同3C_台中中南門市,0930255170,402台中市南區台中路49、51號
1196,大同綜合訊電股份有限公司-大同3C_台中漢口門市,0930255170,407台中市西屯區漢口路二段89號
1197,大同綜合訊電股份有限公司-大同3C_台中五權門市,0930255170,404台中市北區大雅路78之2、78之5號
1198,大同綜合訊電股份有限公司-大同3C_台中中科門市,04-24631058,407台中市西屯區西屯路三段150-45號
1199,大同綜合訊電股份有限公司-大同3C_台中中清門市,04-22969912,406台中市北屯區中清路72之8-7號
1200,大同綜合訊電股份有限公司-大同3C_台中北屯門市,04-22334143,406台中市北屯區北屯路216號
1201,大同綜合訊電股份有限公司-大同3C_太平中興門市,0930255170,411臺中市太平區中興路149-3、149-4號
1202,大同綜合訊電股份有限公司-大同3C_豐原圓環南門市,0930255170,420臺中市豐原區圓環南路226號
1203,大同綜合訊電股份有限公司-大同3C_豐原中山門市,0930255170,420臺中市豐原區中山路226-1號
1204,大同綜合訊電股份有限公司-大同3C_潭子門市,0930255170,427臺中市潭子區勝利路158號
1205,大同綜合訊電股份有限公司-大同3C_大甲順天門市,0930255170,437臺中市大甲區順天路315、315之1、315之2號
1206,大同綜合訊電股份有限公司-大同3C_台中向上門市,0930255170,403台中市西區東興路三段77號
1207,大同綜合訊電股份有限公司-大同3C_沙鹿四平門市,04-26625514,433臺中市沙鹿區四平街180號
1208,大同綜合訊電股份有限公司-大同3C_大雅民生門市,0930255170,428臺中市大雅區民生路一段233、233-1號
1209,大同綜合訊電股份有限公司-大同3C_烏日中山門市,0930255170,414臺中市烏日區中山路一段360、362號
1210,大同綜合訊電股份有限公司-大同3C_大肚沙田門市,0930255170,432臺中市大肚區沙田路二段761號
1211,大同綜合訊電股份有限公司-大同3C_后里甲后門市,0930255170,421臺中市后里區甲后路351號
1212,大同綜合訊電股份有限公司-大同3C_東勢門市,0930255170,423臺中市東勢區豐勢路527、531號
1213,大同綜合訊電股份有限公司-大同3C_台中精武門市,0930255170,401台中市東區精武東路196、198號
1214,大同綜合訊電股份有限公司-大同3C_東海展示中心,0930255170,407台中市西屯區台中港路三段250號
1215,大同綜合訊電股份有限公司-大同3C_台中大墩門市,0930255170,408台中市南屯區大墩路673號
1216,大同綜合訊電股份有限公司-大同3C_台中復興門市,0930255170,402台中市復興路一段454、456號
1217,大同綜合訊電股份有限公司-大同3C_清水中山門市,0930255170,436臺中市清水區中山路147號
1218,大同綜合訊電股份有限公司-大同3C_霧峰中正門市,0930255170,413臺中市霧峰區中正路1065、1067號
1219,大同綜合訊電股份有限公司-大同3C_大里內新門市,0930255170,412臺中市大里區中興路二段153之3、4號
1220,大同綜合訊電股份有限公司-大同3C_大里中興門市,0930255170,412臺中市大里區中興路一段229、231號
1221,大同綜合訊電股份有限公司-大同3C_豐原昌億店,0930255718,420臺中市豐原區豐東路438號
1222,大同綜合訊電股份有限公司-大同3C_台中展昌店,0930255718,406台中巿北屯區崇德路510之3號
1223,大同綜合訊電股份有限公司-大同3C_大里宏富店,0930255718,412臺中市大里區中興路二段210號
1224,特力屋股份有限公司台中復興分公司,02-87916668#6554,402臺中市南區復興路一段359號2樓
1225,特力屋(股)大里國光分公司,02-87916668#6554,412臺中市大里區國光路2段363號
1226,吉詠機車行,04-22350131,404臺中市北區健行路422號
1227,中部汽車股份有限公司南台中營業所,04-22619151,402台中市南區復興路一段369號
1228,中部汽車股份有限公司潭子營業所,0933-181353,427台中市潭子區中山路一段285號
1229,中部汽車股份有限公司大甲營業所,04-26877289,437台中市大甲區中山路一段1136號
1230,中部汽車股份有限公司豐原營業所,04-25287541#11,420台中市豐原區豐勢路二段103號
1231,中部汽車股份有限公司東台中營業所,04-22115360,401台中市東區進化路190號
1232,中部汽車股份有限公司文雅營業所,04-22910060,406台中市北屯區文心路三段999號
1233,中部汽車股份有限公司大里營業所,04-24837025,412台中市大里區中興路二段155號
1234,中部汽車股份有限公司沙鹿營業所,04-26575488,434台中市梧棲區中棲路一段333號
1235,中部汽車股份有限公司東海營業所,04-23599812,407台中市西屯區工業二路2號
1236,中部汽車股份有限公司大雅營業所,04-25679933#11,428台中市大雅區中清路一段189號
1237,中部汽車股份有限公司北豐原營業所,04-25312888,420台中市豐原區豐原大道一段658號
1238,中部汽車股份有限公司太平營業所,04-22700750#11,411台中市太平區太平路741號
1239,中部汽車股份有限公司五權營業所,04-23782388,403台中市西區五權西路一段228號
1240,新輪輪業商行,0426363212,433臺中市沙鹿區鎮南路二段413號
1241,全家台中新桂冠店,04-23124958,407臺中市西屯區四川路67、69、71號
1242,日星文具公司,04-24823760,412臺中市大里區東榮路406號
1243,成茂五金商行,04-26520990,434臺中市龍井區新興路88號
1244,中聯五金有限公司(俗俗賣大賣場),04-25245573,420臺中市豐原區水源路532號
1245,中聯興國際有限公司豐原分公司,04-25202266,420臺中市豐原區圓環東路335號1樓
1246,佳司特有限公司,04-25276060,420臺中市豐原區社皮里大豐路五段506號
1247,佳司五金行,04-2528770,420臺中市豐原區豐東路351號
1248,佳客來五金股份有限公司,04-24820582,412臺中市大里區國光路二段541號
1249,大展磁磚建材行,04-26316526,434臺中市龍井區遊園南路283-9號
1250,禾舜五金實業有限公司,04-26312981,434臺中市龍井區遊園南路２９８號
1251,九元五金百貨大賣場,04-26918757,432臺中市大肚區遊園路２段１３６巷７１號
1252,錫銘五金行,04-24820582,412臺中市大里區中興路1段89號
1253,源治電器有限公司,04-24224433,406臺中市北屯區四平路280號
1254,開門股份有限公司,04-24833092,412臺中市大里區大明路81-1號
1255,101文具天堂(甲友文具行),04-24853320,412臺中市大里區內新里中興路二段322號
1256,明風車業有限公司,04-27022165,407臺中市西屯區西屯路三段33號
1257,富全機車行,04-23129391,407臺中市西屯區西屯路二段24號
1258,佳陸車業有限公司,04-25264886,420臺中市豐原區中山路230號
1259,正全宏輪業行,04-25368084,427臺中市潭子區光陽路226號
1260,元富機車有限公司,04-25336959,427臺中市潭子區中山路一段328號
1261,台象股份有限公司-象印台中服務中心,02-2506-9009#217,408臺中市南屯區文心南三路180號1樓
1262,台象股份有限公司-象印中友據點,02-2506-9009#217,404臺中市北區三民路三段161號10樓
1263,台象股份有限公司-象印新光台中據點,02-2506-9009#217,407臺中市西屯區台中港路二段111號8樓
1264,台象股份有限公司-象印遠東台中據點,02-2506-9009#217,407臺中市西屯區台中港路二段105號9樓
1265,台象股份有限公司-象印廣三SOGO據點,02-2506-9009#217,403臺中市西區中港路一段299號10樓
1266,銘安科技股份有限公司,04-22776888#219,412臺中市大里區工業11路147號
